sensor_point5_i_value,sensor_point6_i_value,sensor_point7_i_value,sensor_point8_i_value,sensor_point9_i_value,sensor_point10_i_value,clean_temp,clean_ec,clean_ph4,clean_ph5,clean_ph7,clean_ph8,clean_pressure11,clean_pressure12,clean_pressure21,clean_pressure22,clean_pressure23,clean_pressure31,clean_pressure33,clean_pressure41,clean_pressure42,clean_pressure51,clean_pressure52,clean_pressure61,clean_pressure62,clean_pressure71,clean_pressure72,clean_pressure81,clean_pressure82,clean_pressure91,clean_pressure92,clean_pressure101,clean_pressure102,oven_pa1,oven_pa2,oven_pb1,oven_pb2,oven_a1,oven_a2,oven_a3,oven_b1,oven_b2,oven_b3,painting_g1_act_a_air,painting_g1_act_f_air,painting_g1_act_t_air,painting_g1_act_hvv,painting_g1_act_hvc,painting_g2_act_a_air,painting_g2_act_f_air,painting_g2_act_t_air,painting_g2_act_hvv,painting_g2_act_hvc,painting_g3_act_a_air,painting_g3_act_f_air,painting_g3_act_t_air,painting_g3_act_hvv,painting_g3_act_hvc,painting_g4_act_a_air,painting_g4_act_f_air,painting_g4_act_t_air,painting_g4_act_hvv,painting_g4_act_hvc,painting_g5_act_a_air,painting_g5_act_f_air,painting_g5_act_t_air,painting_g5_act_hvv,painting_g5_act_hvc,painting_g6_act_a_air,painting_g6_act_f_air,painting_g6_act_t_air,painting_g6_act_hvv,painting_g6_act_hvc,painting_g7_act_a_air,painting_g7_act_f_air,painting_g7_act_t_air,painting_g7_act_hvv,painting_g7_act_hvc,painting_g8_act_a_air,painting_g8_act_f_air,painting_g8_act_t_air,painting_g8_act_hvv,painting_g8_act_hvc,painting_g9_act_a_air,painting_g9_act_f_air,painting_g9_act_t_air,painting_g9_act_hvv,painting_g9_act_hvc,painting_g10_act_a_air,painting_g10_act_f_air,painting_g10_act_t_air,painting_g10_act_hvv,painting_g10_act_hvc,painting_g11_act_a_air,painting_g11_act_f_air,painting_g11_act_t_air,painting_g11_act_hvv,painting_g11_act_hvc,painting_g12_act_a_air,painting_g12_act_f_air,painting_g12_act_t_air,painting_g12_act_hvv,painting_g12_act_hvc,env_rpi05_hum,env_rpi05_pm1,env_rpi05_pm10,env_rpi05_pm25,env_rpi05_temp,env_rpi07_hum,env_rpi07_pm1,env_rpi07_pm10,env_rpi07_pm25,env_rpi07_temp,env_rpi09_hum,env_rpi09_lux,env_rpi09_pm1,env_rpi09_pm10,env_rpi09_pm25,env_rpi09_temp,env_rpi14_hum,env_rpi14_lux,env_rpi14_pm1,env_rpi14_pm10,env_rpi14_pm25,env_rpi14_temp,env_rpi15_hum,env_rpi15_lux,env_rpi15_pm1,env_rpi15_pm10,env_rpi15_pm25,env_rpi15_temp
42,56,82,41,73,45,41.1,12.4,,,,6.9,820.24,1262.82,883.46,630.74,640.79,509.75,716.48,1065.79,817.12,833.01,604.2,1139.1,648.61,707.22,1196.38,903.51,825.09,905.59,742.77,414.85,455.39,175.85,203.06,207.45,198.49,174.87,207.38,211.92,190.48,215.01,207.86,7.65,140.93,258.92,56.37,18.78,7.21,150.62,261.26,52.5,23.83,7.03,141.84,255.23,51.51,25.17,0,0,0,0,0,0,0,0,0,0,0,0,0,0,0,6.71,137.76,253.8,56.69,11.2,7.15,137.1,253,53.26,23.84,7.23,137.79,254.08,56.6,18.23,0,0,0,0,0,0,0,0,0,0,0,0,0,0,0,63.24,60.33,75.83,69.5,29.05,48.98,11.33,17.16,14.16,26.21,0,0,0,0,0,0,48.96,0,26.33,47.5,37.33,34.41,43.73,0.5,29.5,51.5,42,34.78
37,60,58,40,64,42,41.1,12.4,,,,6.9,820.15,1263,883.6,630.7,640.8,509.7,716.5,1065.9,817.05,833.05,604.2,1139.05,648.6,706.95,1196.6,903.6,825.15,905.4,742.8,414.65,455.25,176,203.01,207.4,198.35,174.85,207.37,211.9,190.42,215.02,207.85,7.09,125.88,231.92,51.55,17.1,7.04,146.06,253.31,50.61,23.45,7.13,137.42,247.36,49.82,24.54,0.4,5.41,9.48,1.9,1.04,0,0,0,0,0,0,0,0,0,0,5.73,123.67,227.93,50.22,9.93,6.41,128.27,236.76,50.1,21.9,6.4,128.93,237.57,53.6,17.22,0,0,0,0,0,0,0,0,0,0,0,0,0,0,0,63.24,60.33,75.83,69.5,29.05,48.98,11.33,17.16,14.16,26.21,0,0,0,0,0,0,48.96,0,26.33,47.5,37.33,34.41,43.73,0.5,29.5,51.5,42,34.78
35,66,62,39,86,45,41.1,12.4,,,,6.9,820.15,1263,883.6,630.7,640.8,509.7,716.5,1065.9,817.05,833.05,604.2,1139.05,648.6,706.95,1196.6,903.6,825.15,905.4,742.8,414.65,455.25,176,203.01,207.4,198.35,174.85,207.37,211.9,190.42,215.02,207.85,7.09,125.88,231.92,51.55,17.1,7.04,146.06,253.31,50.61,23.45,7.13,137.42,247.36,49.82,24.54,0.4,5.41,9.48,1.9,1.04,0,0,0,0,0,0,0,0,0,0,5.73,123.67,227.93,50.22,9.93,6.41,128.27,236.76,50.1,21.9,6.4,128.93,237.57,53.6,17.22,0,0,0,0,0,0,0,0,0,0,0,0,0,0,0,63.24,60.33,75.83,69.5,29.05,48.98,11.33,17.16,14.16,26.21,0,0,0,0,0,0,48.96,0,26.33,47.5,37.33,34.41,43.73,0.5,29.5,51.5,42,34.78
37,58,58,42,52,39,41.1,12.4,,,,6.9,820.15,1263,883.6,630.7,640.8,509.7,716.5,1065.9,817.05,833.05,604.2,1139.05,648.6,706.95,1196.6,903.6,825.15,905.4,742.8,414.65,455.25,176,203.01,207.4,198.35,174.85,207.37,211.9,190.42,215.02,207.85,7.09,125.88,231.92,51.55,17.1,7.04,146.06,253.31,50.61,23.45,7.13,137.42,247.36,49.82,24.54,0.4,5.41,9.48,1.9,1.04,0,0,0,0,0,0,0,0,0,0,5.73,123.67,227.93,50.22,9.93,6.41,128.27,236.76,50.1,21.9,6.4,128.93,237.57,53.6,17.22,0,0,0,0,0,0,0,0,0,0,0,0,0,0,0,63.24,60.33,75.83,69.5,29.05,48.98,11.33,17.16,14.16,26.21,0,0,0,0,0,0,48.96,0,26.33,47.5,37.33,34.41,43.73,0.5,29.5,51.5,42,34.78
57,78,62,51,64,65,41.1,12.4,,,,6.9,820.78,1264,883.31,630.74,640.69,508.91,715.64,1065.94,816.86,833.03,604.26,1138.81,648.16,705.34,1196.08,902.72,824.85,905,742.62,413.86,454.2,176.2,202.81,205.96,197.1,174.86,207.41,212,190.9,215.23,207.72,7.66,130.16,261.21,54.59,23.59,7.29,154.83,260.25,52.31,26.19,7.07,147.8,265.26,48.99,28.31,0,0,0,0,0,0,0,0,0,0,0,0,0,0,0,7.3,127.7,245.01,52.56,12.39,6.95,132.45,244.33,49.81,24.82,7.15,131.71,242.71,50.92,20.3,0,0,0,0,0,0,0,0,0,0,0,0,0,0,0,63.02,60.71,75.85,69.71,29.12,49.96,13.42,20.14,17,26.42,0,0,0,0,0,0,48.78,0,26.71,48.85,38.14,34.48,43.94,0.42,29.71,51.85,42.42,34.82
42,72,84,54,56,64,41.1,12.4,,,,6.9,820.78,1264,883.31,630.74,640.69,508.91,715.64,1065.94,816.86,833.03,604.26,1138.81,648.16,705.34,1196.08,902.72,824.85,905,742.62,413.86,454.2,176.2,202.81,205.96,197.1,174.86,207.41,212,190.9,215.23,207.72,7.66,130.16,261.21,54.59,23.59,7.29,154.83,260.25,52.31,26.19,7.07,147.8,265.26,48.99,28.31,0,0,0,0,0,0,0,0,0,0,0,0,0,0,0,7.3,127.7,245.01,52.56,12.39,6.95,132.45,244.33,49.81,24.82,7.15,131.71,242.71,50.92,20.3,0,0,0,0,0,0,0,0,0,0,0,0,0,0,0,63.02,60.71,75.85,69.71,29.12,49.96,13.42,20.14,17,26.42,0,0,0,0,0,0,48.78,0,26.71,48.85,38.14,34.48,43.94,0.42,29.71,51.85,42.42,34.82
48,72,92,41,76,48,41.1,12.4,,,,6.9,820.78,1264,883.31,630.74,640.69,508.91,715.64,1065.94,816.86,833.03,604.26,1138.81,648.16,705.34,1196.08,902.72,824.85,905,742.62,413.86,454.2,176.2,202.81,205.96,197.1,174.86,207.41,212,190.9,215.23,207.72,7.66,130.16,261.21,54.59,23.59,7.29,154.83,260.25,52.31,26.19,7.07,147.8,265.26,48.99,28.31,0,0,0,0,0,0,0,0,0,0,0,0,0,0,0,7.3,127.7,245.01,52.56,12.39,6.95,132.45,244.33,49.81,24.82,7.15,131.71,242.71,50.92,20.3,0,0,0,0,0,0,0,0,0,0,0,0,0,0,0,63.02,60.71,75.85,69.71,29.12,49.96,13.42,20.14,17,26.42,0,0,0,0,0,0,48.78,0,26.71,48.85,38.14,34.48,43.94,0.42,29.71,51.85,42.42,34.82
49,60,78,33,49,55,41.1,12.4,,,,6.9,820.78,1264,883.31,630.74,640.69,508.91,715.64,1065.94,816.86,833.03,604.26,1138.81,648.16,705.34,1196.08,902.72,824.85,905,742.62,413.86,454.2,176.2,202.81,205.96,197.1,174.86,207.41,212,190.9,215.23,207.72,7.66,130.16,261.21,54.59,23.59,7.29,154.83,260.25,52.31,26.19,7.07,147.8,265.26,48.99,28.31,0,0,0,0,0,0,0,0,0,0,0,0,0,0,0,7.3,127.7,245.01,52.56,12.39,6.95,132.45,244.33,49.81,24.82,7.15,131.71,242.71,50.92,20.3,0,0,0,0,0,0,0,0,0,0,0,0,0,0,0,63.02,60.71,75.85,69.71,29.12,49.96,13.42,20.14,17,26.42,0,0,0,0,0,0,48.78,0,26.71,48.85,38.14,34.48,43.94,0.42,29.71,51.85,42.42,34.82
41,72,70,47,67,60,41.9,12.5,,,,7,821.01,1266.62,883.79,630.74,640.83,508.47,714.9,1066.8,817.4,832.91,604.02,1138.47,647.77,703.14,1193.79,903.14,825.18,905.55,743.65,414.25,453.93,175.78,203.43,202.32,195.88,174.16,206.63,211.8,191.06,214.99,207.8,6.71,111.35,229.25,48.44,21.6,6.6,141.83,225.62,45.58,22.87,6.29,124.67,224.46,44.87,22.75,0,0,0,0,0,0,0,0,0,0,0,0,0,0,0,5.6,111.3,216.54,44.9,11.5,5.97,116.97,215.7,42.55,22.23,6.08,112.44,207.06,45.19,17.58,0,0,0,0,0,0,0,0,0,0,0,0,0,0,0,63.02,60.71,75.85,69.71,29.12,49.96,13.42,20.14,17,26.42,0,0,0,0,0,0,48.78,0,26.71,48.85,38.14,34.48,43.94,0.42,29.71,51.85,42.42,34.82
46,70,74,46,62,60,41.9,12.5,,,,7,821.01,1266.62,883.79,630.74,640.83,508.47,714.9,1066.8,817.4,832.91,604.02,1138.47,647.77,703.14,1193.79,903.14,825.18,905.55,743.65,414.25,453.93,175.78,203.43,202.32,195.88,174.16,206.63,211.8,191.06,214.99,207.8,6.71,111.35,229.25,48.44,21.6,6.6,141.83,225.62,45.58,22.87,6.29,124.67,224.46,44.87,22.75,0,0,0,0,0,0,0,0,0,0,0,0,0,0,0,5.6,111.3,216.54,44.9,11.5,5.97,116.97,215.7,42.55,22.23,6.08,112.44,207.06,45.19,17.58,0,0,0,0,0,0,0,0,0,0,0,0,0,0,0,63.02,60.71,75.85,69.71,29.12,49.96,13.42,20.14,17,26.42,0,0,0,0,0,0,48.78,0,26.71,48.85,38.14,34.48,43.94,0.42,29.71,51.85,42.42,34.82
35,72,92,47,58,62,41.9,12.5,,,,7,820.26,1266.29,882.58,630.71,640.93,507.85,714.19,1065.49,817.23,832.32,603.52,1137.85,647.27,702.27,1192.41,902.14,824.91,905.04,743.48,415.08,454.64,175.92,203.8,206.47,199.14,175.17,207.35,212.03,190.66,214.86,207.84,6.54,107.4,220.99,46.27,19.38,6.23,138.6,220.6,45.49,21.29,6.18,124,223.23,45.16,20.77,0,0,0,0,0,0,0,0,0,0,0,0,0,0,0,6.68,114.48,222.63,48.37,11.45,6.81,120.56,222.4,45.72,22.13,6.22,121.63,223.44,48.08,17.03,0,0,0,0,0,0,0,0,0,0,0,0,0,0,0,62.82,61.37,76.25,70.62,29.2,51.11,15,22.62,19,26.61,0,0,0,0,0,0,48.63,0,26.87,48.62,38,34.57,43.95,0.5,30.37,53,43.37,34.91
35,56,64,42,70,45,41.9,12.5,,,,7,820.26,1266.29,882.58,630.71,640.93,507.85,714.19,1065.49,817.23,832.32,603.52,1137.85,647.27,702.27,1192.41,902.14,824.91,905.04,743.48,415.08,454.64,175.92,203.8,206.47,199.14,175.17,207.35,212.03,190.66,214.86,207.84,6.54,107.4,220.99,46.27,19.38,6.23,138.6,220.6,45.49,21.29,6.18,124,223.23,45.16,20.77,0,0,0,0,0,0,0,0,0,0,0,0,0,0,0,6.68,114.48,222.63,48.37,11.45,6.81,120.56,222.4,45.72,22.13,6.22,121.63,223.44,48.08,17.03,0,0,0,0,0,0,0,0,0,0,0,0,0,0,0,62.82,61.37,76.25,70.62,29.2,51.11,15,22.62,19,26.61,0,0,0,0,0,0,48.63,0,26.87,48.62,38,34.57,43.95,0.5,30.37,53,43.37,34.91
61,68,80,43,52,39,41.9,12.5,,,,7,820.26,1266.29,882.58,630.71,640.93,507.85,714.19,1065.49,817.23,832.32,603.52,1137.85,647.27,702.27,1192.41,902.14,824.91,905.04,743.48,415.08,454.64,175.92,203.8,206.47,199.14,175.17,207.35,212.03,190.66,214.86,207.84,6.54,107.4,220.99,46.27,19.38,6.23,138.6,220.6,45.49,21.29,6.18,124,223.23,45.16,20.77,0,0,0,0,0,0,0,0,0,0,0,0,0,0,0,6.68,114.48,222.63,48.37,11.45,6.81,120.56,222.4,45.72,22.13,6.22,121.63,223.44,48.08,17.03,0,0,0,0,0,0,0,0,0,0,0,0,0,0,0,62.82,61.37,76.25,70.62,29.2,51.11,15,22.62,19,26.61,0,0,0,0,0,0,48.63,0,26.87,48.62,38,34.57,43.95,0.5,30.37,53,43.37,34.91
61,70,60,44,62,44,41.9,12.5,,,,7,820.26,1266.29,882.58,630.71,640.93,507.85,714.19,1065.49,817.23,832.32,603.52,1137.85,647.27,702.27,1192.41,902.14,824.91,905.04,743.48,415.08,454.64,175.92,203.8,206.47,199.14,175.17,207.35,212.03,190.66,214.86,207.84,6.54,107.4,220.99,46.27,19.38,6.23,138.6,220.6,45.49,21.29,6.18,124,223.23,45.16,20.77,0,0,0,0,0,0,0,0,0,0,0,0,0,0,0,6.68,114.48,222.63,48.37,11.45,6.81,120.56,222.4,45.72,22.13,6.22,121.63,223.44,48.08,17.03,0,0,0,0,0,0,0,0,0,0,0,0,0,0,0,62.82,61.37,76.25,70.62,29.2,51.11,15,22.62,19,26.61,0,0,0,0,0,0,48.63,0,26.87,48.62,38,34.57,43.95,0.5,30.37,53,43.37,34.91
62,66,82,33,70,72,41.1,10.67,,,,6.75,810.2,1266.53,885.96,630.76,642.8,257.19,713.82,1072.04,817.95,828.01,603.97,1031.47,647.24,686.83,1181.73,900.45,830.66,902.8,744.03,0,455.2,175.98,203.67,202.22,190.36,185.8,216.9,217.21,190.88,215.65,207.37,0,0,0,0,0,8.2,154.23,275.07,49.88,15.26,9.39,182.92,336.04,60.87,17.44,8.52,172.25,289.25,52.34,13.23,0,0,0,0,0,0,0,0,0,0,0,0,0,0,0,6.96,137.86,254.93,48.91,9.21,8.88,165.05,306.85,58.3,15.11,7.37,147.2,258.63,44.56,15.7,0,0,0,0,0,0,0,0,0,0,61.93,53.28,66.57,55.71,30.53,56.32,7,10.28,7.85,28.35,0,0,0,0,0,0,46.79,0,17.71,30.14,24.42,36.16,41.48,0.42,13.71,21.42,18.14,37.81
63,72,82,35,74,74,41.1,10.67,,,,6.75,810.2,1266.53,885.96,630.76,642.8,257.19,713.82,1072.04,817.95,828.01,603.97,1031.47,647.24,686.83,1181.73,900.45,830.66,902.8,744.03,0,455.2,175.98,203.67,202.22,190.36,185.8,216.9,217.21,190.88,215.65,207.37,0,0,0,0,0,8.2,154.23,275.07,49.88,15.26,9.39,182.92,336.04,60.87,17.44,8.52,172.25,289.25,52.34,13.23,0,0,0,0,0,0,0,0,0,0,0,0,0,0,0,6.96,137.86,254.93,48.91,9.21,8.88,165.05,306.85,58.3,15.11,7.37,147.2,258.63,44.56,15.7,0,0,0,0,0,0,0,0,0,0,61.93,53.28,66.57,55.71,30.53,56.32,7,10.28,7.85,28.35,0,0,0,0,0,0,46.79,0,17.71,30.14,24.42,36.16,41.48,0.42,13.71,21.42,18.14,37.81
58,84,97,34,70,67,41.1,10.67,,,,6.75,809.79,1266.37,885.76,630.71,642.9,249.48,713.72,1072.14,818.03,827.67,603.93,1031.47,647.19,686.93,1181.78,900.51,830.66,902.8,743.97,0,455.45,175.88,203.71,202.17,190.45,185.16,216.49,216.86,190.8,215.6,207.36,0,0,0,0,0,8.28,152.45,279.98,50.41,15.76,9.47,179.25,339.34,61.66,17.47,8.56,181.08,287.12,51.12,14,0,0,0,0,0,0,0,0,0,0,0,0,0,0,0,7.83,129.77,264.98,51.66,11.15,9.51,157.33,320.31,61.21,16.11,7.84,139.22,267.76,47.68,15.47,0,0,0,0,0,0,0,0,0,0,62.15,53.25,66.75,55.62,30.49,56.61,6.75,9.87,7.75,28.36,0,0,0,0,0,0,46.84,0,20.5,35.5,28.5,36.15,41.58,0.5,13.5,21.12,18,37.79
59,81,98,37,78,72,41.1,10.67,,,,6.75,809.79,1266.37,885.76,630.71,642.9,249.48,713.72,1072.14,818.03,827.67,603.93,1031.47,647.19,686.93,1181.78,900.51,830.66,902.8,743.97,0,455.45,175.88,203.71,202.17,190.45,185.16,216.49,216.86,190.8,215.6,207.36,0,0,0,0,0,8.28,152.45,279.98,50.41,15.76,9.47,179.25,339.34,61.66,17.47,8.56,181.08,287.12,51.12,14,0,0,0,0,0,0,0,0,0,0,0,0,0,0,0,7.83,129.77,264.98,51.66,11.15,9.51,157.33,320.31,61.21,16.11,7.84,139.22,267.76,47.68,15.47,0,0,0,0,0,0,0,0,0,0,62.15,53.25,66.75,55.62,30.49,56.61,6.75,9.87,7.75,28.36,0,0,0,0,0,0,46.84,0,20.5,35.5,28.5,36.15,41.58,0.5,13.5,21.12,18,37.79
67,76,80,48,72,74,41.1,10.67,,,,6.75,809.79,1266.36,885.7,630.65,642.92,247.57,713.58,1072.17,818.08,827.67,603.98,1031.46,647.27,687.02,1181.61,900.55,830.7,902.72,743.88,0,455.4,175.88,203.69,202.14,190.49,185.21,216.54,216.77,190.79,215.55,207.36,0,0,0,0,0,8.88,163.33,299.91,54.35,16.63,10.34,189.77,359.59,65.58,18.06,9.08,186.77,296.43,54.51,14.73,0,0,0,0,0,0,0,0,0,0,0,0,0,0,0,8.07,133.84,276.21,53.53,12.03,9.88,161.88,333.07,64.07,17.22,8.13,143.24,278.12,49.4,16.34,0,0,0,0,0,0,0,0,0,0,62.15,53.25,66.75,55.62,30.49,56.61,6.75,9.87,7.75,28.36,0,0,0,0,0,0,46.84,0,20.5,35.5,28.5,36.15,41.58,0.5,13.5,21.12,18,37.79
56,92,86,35,66,78,41.1,10.67,,,,6.75,809.69,1266.26,885.65,630.5,642.92,246.21,713.58,1072.07,818.13,827.67,603.98,1031.46,647.27,687.02,1181.76,900.5,830.55,902.67,743.73,0,455.2,175.99,203.66,202.13,190.51,184.91,216.34,216.7,190.77,215.57,207.36,0,0,0,0,0,8.86,163.07,299.74,54.64,16.14,10.3,189.69,359.36,65.68,17.96,9.15,188.37,299.04,54.97,14.94,0,0,0,0,0,0,0,0,0,0,0,0,0,0,0,8.05,132.29,273.15,52.79,12,9.88,160.25,329.61,63.37,17.2,8.06,141.41,274.51,49.61,16.07,0,0,0,0,0,0,0,0,0,0,62.15,53.25,66.75,55.62,30.49,56.61,6.75,9.87,7.75,28.36,0,0,0,0,0,0,46.84,0,20.5,35.5,28.5,36.15,41.58,0.5,13.5,21.12,18,37.79
68,66,68,48,82,76,41.1,10.67,,,,6.75,809.69,1266.26,885.65,630.5,642.92,246.21,713.58,1072.07,818.13,827.67,603.98,1031.46,647.27,687.02,1181.76,900.5,830.55,902.67,743.73,0,455.2,175.99,203.66,202.13,190.51,184.91,216.34,216.7,190.77,215.57,207.36,0,0,0,0,0,8.86,163.07,299.74,54.64,16.14,10.3,189.69,359.36,65.68,17.96,9.15,188.37,299.04,54.97,14.94,0,0,0,0,0,0,0,0,0,0,0,0,0,0,0,8.05,132.29,273.15,52.79,12,9.88,160.25,329.61,63.37,17.2,8.06,141.41,274.51,49.61,16.07,0,0,0,0,0,0,0,0,0,0,62.15,53.25,66.75,55.62,30.49,56.61,6.75,9.87,7.75,28.36,0,0,0,0,0,0,46.84,0,20.5,35.5,28.5,36.15,41.58,0.5,13.5,21.12,18,37.79
62,76,68,40,82,82,41.1,10.67,,,,6.75,809.39,1266.16,885.7,630.45,642.82,245.2,713.53,1072.37,818.03,827.67,603.98,1031.56,647.32,687.02,1181.66,900.35,830.5,902.67,743.68,0,455.1,175.94,203.69,202.14,190.55,185.03,216.41,216.63,190.76,215.54,207.36,0,0,0,0,0,8.9,163.19,300.09,55.33,16.33,10.32,189.5,359.19,65.6,18.09,9.09,186.74,296.32,55.02,15,0,0,0,0,0,0,0,0,0,0,0,0,0,0,0,8.01,133.25,275,52.49,11.69,9.94,160.2,329.46,63.45,17.14,7.98,143.6,278.01,49.77,15.86,0,0,0,0,0,0,0,0,0,0,62.15,53.25,66.75,55.62,30.49,56.61,6.75,9.87,7.75,28.36,0,0,0,0,0,0,46.84,0,20.5,35.5,28.5,36.15,41.58,0.5,13.5,21.12,18,37.79
60,88,96,34,73,80,41.6,11.14,,,,6.7,810.2,1266.2,886.25,630.55,643.08,236.95,713.45,1072.12,818.55,828,604.2,1031.95,647.8,687,1181.05,900.65,830.4,902.8,743.8,0,455.35,175.84,203.64,202.03,190.72,185.26,216.4,216.23,190.73,215.49,207.33,0,0,0,0,0,9.06,161.39,297.78,55.05,15.44,9.9,189.59,359.34,64.93,18.86,9.09,189.07,300.14,56.65,15.29,0,0,0,0,0,0,0,0,0,0,0,0,0,0,0,8.2,137.28,283.08,54.8,11.83,9.79,164.83,339.04,65.01,17.01,8.32,149.84,289.59,50.89,16.11,0,0,0,0,0,0,0,0,0,0,62.41,53.28,66.85,55.71,30.45,57.15,6.85,10,7.85,28.31,0,0,0,0,0,0,47.61,0,21.28,37.57,30,35.92,42.08,0.42,13.71,21.57,18.42,37.66
58,74,114,40,88,78,41.6,11.14,,,,6.7,810.2,1266.2,886.25,630.55,643.08,236.95,713.45,1072.12,818.55,828,604.2,1031.95,647.8,687,1181.05,900.65,830.4,902.8,743.8,0,455.35,175.84,203.64,202.03,190.72,185.26,216.4,216.23,190.73,215.49,207.33,0,0,0,0,0,9.06,161.39,297.78,55.05,15.44,9.9,189.59,359.34,64.93,18.86,9.09,189.07,300.14,56.65,15.29,0,0,0,0,0,0,0,0,0,0,0,0,0,0,0,8.2,137.28,283.08,54.8,11.83,9.79,164.83,339.04,65.01,17.01,8.32,149.84,289.59,50.89,16.11,0,0,0,0,0,0,0,0,0,0,62.41,53.28,66.85,55.71,30.45,57.15,6.85,10,7.85,28.31,0,0,0,0,0,0,47.61,0,21.28,37.57,30,35.92,42.08,0.42,13.71,21.57,18.42,37.66
47,72,82,40,76,75,41.6,11.14,,,,6.7,810.2,1266.2,886.25,630.55,643.08,236.95,713.45,1072.12,818.55,828,604.2,1031.95,647.8,687,1181.05,900.65,830.4,902.8,743.8,0,455.35,175.84,203.64,202.03,190.72,185.26,216.4,216.23,190.73,215.49,207.33,0,0,0,0,0,9.06,161.39,297.78,55.05,15.44,9.9,189.59,359.34,64.93,18.86,9.09,189.07,300.14,56.65,15.29,0,0,0,0,0,0,0,0,0,0,0,0,0,0,0,8.2,137.28,283.08,54.8,11.83,9.79,164.83,339.04,65.01,17.01,8.32,149.84,289.59,50.89,16.11,0,0,0,0,0,0,0,0,0,0,62.41,53.28,66.85,55.71,30.45,57.15,6.85,10,7.85,28.31,0,0,0,0,0,0,47.61,0,21.28,37.57,30,35.92,42.08,0.42,13.71,21.57,18.42,37.66
49,70,84,41,66,68,42.1,11.14,,,,6.7,810.1,1266.1,885.95,630.6,643.1,233.2,713.55,1072.25,818.4,828.3,604.25,1032.1,647.85,687,1181.3,900.45,830.5,902.9,743.85,0,455.25,175.87,203.69,201.99,190.75,185.56,216.57,216.1,190.73,215.47,207.32,0,0,0,0,0,9.21,163.25,300.54,55.59,15.68,10.05,189.85,359.61,64.82,19.08,9.28,191.5,304.02,56.83,15.98,0,0,0,0,0,0,0,0,0,0,0,0,0,0,0,8.18,135.28,278.89,54.82,11.83,9.85,165,339.17,64.87,17.21,8.37,148.26,286.87,50,16.38,0,0,0,0,0,0,0,0,0,0,62.41,53.28,66.85,55.71,30.45,57.15,6.85,10,7.85,28.31,0,0,0,0,0,0,47.61,0,21.28,37.57,30,35.92,42.08,0.42,13.71,21.57,18.42,37.66
58,75,94,38,70,76,42.1,11.14,,,,6.7,810.56,1265.87,885.82,630.56,642.88,307.11,716.75,1073.29,820.2,828.81,604.12,1032.26,647.37,686.08,1183.35,901.28,831.28,903.91,744.63,0,455.3,177.94,203.38,201.69,190.65,188.23,218.48,215.77,194.23,217.11,208.31,0,0,0,0,0,7.37,136.6,252.09,46.41,13.6,7.82,152.28,288.45,52.17,15.07,7.11,149.36,237,44.4,12.47,0,0,0,0,0,0,0,0,0,0,0,0,0,0,0,6.42,116.75,240.08,45.54,10,7.99,142.48,292.64,54.52,14.53,6.82,127.39,246.95,42.04,13.98,0,0,0,0,0,0,0,0,0,0,62.73,53.42,67,55.71,30.38,57.1,6.85,10.42,7.85,28.32,0,0,0,0,0,0,47.33,0,21.57,38.28,30.71,36.06,42.53,0.42,13.28,21,18.14,37.45
78,56,63,46,50,80,49.6,11.6,8.5,7.8,7.3,7.2,848.1,1456,1001.16,902.62,724.59,527.74,851.29,1118.26,988.34,825,639.91,1143.3,650.24,651.57,1092.94,900.84,845.52,906.12,789.23,0,443.95,169.4,207.68,194.28,184.7,187.67,219.37,215.96,182.1,209.67,205.96,8.86,152.41,288.44,46.93,22.5,8.08,146.32,285.4,46.93,21.18,7.84,145.52,296.51,46.27,22.02,7.3,129.32,252.87,40.93,20.41,0,0,0,0,0,0,0,0,0,0,7.1,140.71,267.58,40.88,12.56,7.88,145.38,270.92,49.58,12.96,7.69,136.39,268.38,45.38,17.69,6.25,120.9,220.83,40.34,12.54,6.54,111.98,219.1,41.06,10.06,0,0,0,0,0,63.13,57.37,71.87,63.12,29.67,49.61,6.75,13.87,9.12,28.15,65.47,0,2.37,3.75,2.87,26.95,53.12,1,27,50.87,40.5,33.87,49.94,1.12,24.5,40.37,34.25,33.98
80,60,76,45,72,72,49.6,11.6,8.5,7.8,7.3,7.2,848.1,1456,1001.16,902.62,724.59,527.74,851.29,1118.26,988.34,825,639.91,1143.3,650.24,651.57,1092.94,900.84,845.52,906.12,789.23,0,443.95,169.4,207.68,194.28,184.7,187.67,219.37,215.96,182.1,209.67,205.96,8.86,152.41,288.44,46.93,22.5,8.08,146.32,285.4,46.93,21.18,7.84,145.52,296.51,46.27,22.02,7.3,129.32,252.87,40.93,20.41,0,0,0,0,0,0,0,0,0,0,7.1,140.71,267.58,40.88,12.56,7.88,145.38,270.92,49.58,12.96,7.69,136.39,268.38,45.38,17.69,6.25,120.9,220.83,40.34,12.54,6.54,111.98,219.1,41.06,10.06,0,0,0,0,0,63.13,57.37,71.87,63.12,29.67,49.61,6.75,13.87,9.12,28.15,65.47,0,2.37,3.75,2.87,26.95,53.12,1,27,50.87,40.5,33.87,49.94,1.12,24.5,40.37,34.25,33.98
82,52,76,44,68,69,49.9,12.3,8.6,7.8,7.3,7.15,848.3,1454.7,1001.01,900.16,724.53,526.52,850.63,1117.88,987.37,824.95,639.66,1141.65,648.98,648.6,1089.11,899.74,846.44,905.63,789.78,0,443.98,170.75,206.69,201.99,188.79,182.39,213.42,214.96,182.1,210.04,206.12,8.23,150.46,285.62,47.57,21.28,8.32,141.78,282.77,46.6,20.85,8,144.7,288.7,46.46,21.16,6.91,121.03,240.33,40.31,18.59,0,0,0,0,0,0,0,0,0,0,7.8,139.77,265.65,41.96,13.13,7.5,142.16,261.62,48.85,12.46,7.65,140.33,270.91,46.7,16,6.74,124.65,226.66,41.46,13.08,6.32,110.76,219.75,40.21,9.96,0,0,0,0,0,63.04,58,72.37,64,29.82,48.53,7.37,14.37,9.62,28.31,65.69,0,2.5,3.87,3,26.98,52.11,1,26.75,50.37,40.25,34.29,49.07,1.12,25.25,42.25,35.5,34.41
82,74,88,43,60,72,49.9,12.3,8.6,7.8,7.3,7.15,848.3,1454.7,1001.01,900.16,724.53,526.52,850.63,1117.88,987.37,824.95,639.66,1141.65,648.98,648.6,1089.11,899.74,846.44,905.63,789.78,0,443.98,170.75,206.69,201.99,188.79,182.39,213.42,214.96,182.1,210.04,206.12,8.23,150.46,285.62,47.57,21.28,8.32,141.78,282.77,46.6,20.85,8,144.7,288.7,46.46,21.16,6.91,121.03,240.33,40.31,18.59,0,0,0,0,0,0,0,0,0,0,7.8,139.77,265.65,41.96,13.13,7.5,142.16,261.62,48.85,12.46,7.65,140.33,270.91,46.7,16,6.74,124.65,226.66,41.46,13.08,6.32,110.76,219.75,40.21,9.96,0,0,0,0,0,63.04,58,72.37,64,29.82,48.53,7.37,14.37,9.62,28.31,65.69,0,2.5,3.87,3,26.98,52.11,1,26.75,50.37,40.25,34.29,49.07,1.12,25.25,42.25,35.5,34.41
80,41,82,45,64,74,49.9,12.3,8.6,7.8,7.3,7.15,848.3,1454.7,1001.01,900.16,724.53,526.52,850.63,1117.88,987.37,824.95,639.66,1141.65,648.98,648.6,1089.11,899.74,846.44,905.63,789.78,0,443.98,170.75,206.69,201.99,188.79,182.39,213.42,214.96,182.1,210.04,206.12,8.23,150.46,285.62,47.57,21.28,8.32,141.78,282.77,46.6,20.85,8,144.7,288.7,46.46,21.16,6.91,121.03,240.33,40.31,18.59,0,0,0,0,0,0,0,0,0,0,7.8,139.77,265.65,41.96,13.13,7.5,142.16,261.62,48.85,12.46,7.65,140.33,270.91,46.7,16,6.74,124.65,226.66,41.46,13.08,6.32,110.76,219.75,40.21,9.96,0,0,0,0,0,63.04,58,72.37,64,29.82,48.53,7.37,14.37,9.62,28.31,65.69,0,2.5,3.87,3,26.98,52.11,1,26.75,50.37,40.25,34.29,49.07,1.12,25.25,42.25,35.5,34.41
80,62,55,49,48,74,49.9,12.3,8.6,7.8,7.3,7.15,848.3,1454.7,1001.01,900.16,724.53,526.52,850.63,1117.88,987.37,824.95,639.66,1141.65,648.98,648.6,1089.11,899.74,846.44,905.63,789.78,0,443.98,170.75,206.69,201.99,188.79,182.39,213.42,214.96,182.1,210.04,206.12,8.23,150.46,285.62,47.57,21.28,8.32,141.78,282.77,46.6,20.85,8,144.7,288.7,46.46,21.16,6.91,121.03,240.33,40.31,18.59,0,0,0,0,0,0,0,0,0,0,7.8,139.77,265.65,41.96,13.13,7.5,142.16,261.62,48.85,12.46,7.65,140.33,270.91,46.7,16,6.74,124.65,226.66,41.46,13.08,6.32,110.76,219.75,40.21,9.96,0,0,0,0,0,63.04,58,72.37,64,29.82,48.53,7.37,14.37,9.62,28.31,65.69,0,2.5,3.87,3,26.98,52.11,1,26.75,50.37,40.25,34.29,49.07,1.12,25.25,42.25,35.5,34.41
90,54,86,44,60,69,50.2,12.67,8.6,7.8,7.3,7.13,848.06,1454.1,1000.42,899.14,724.48,528.33,850.21,1118.58,986.76,825.25,639.69,1141.07,649.13,648.14,1088.76,900.04,846.02,905.29,789.91,0,443.8,170.99,206.05,200.15,187,181.83,212.08,214,182.21,210.13,206.3,8.38,164.5,293.9,50.77,19.42,8.38,162.11,294.37,50.03,20.49,8.14,148.14,296.93,49.27,21.42,7.81,146.17,263.42,42.24,18.56,0,0,0,0,0,0,0,0,0,0,8.17,157.42,281.24,42.31,15.16,8.1,153.06,278.96,49.34,15.14,8.13,146.11,279.15,46.99,18.8,6.66,141.21,247.96,41.75,14.38,6.71,130.6,237.6,43.02,10.31,0,0,0,0,0,62.98,58.62,72.87,65.25,29.96,47.32,7.25,13.5,9.25,28.44,65.79,0,3.12,4.75,3.87,27.03,51.17,1,26.5,49.37,39.37,34.71,48.44,1.25,27.12,45.5,38,34.79
78,50,88,35,63,76,50.2,12.67,8.63,7.8,7.3,7.13,848.07,1454.44,1000.42,898.67,724.48,529.18,850.25,1118.29,986.49,824.95,639.57,1140.98,649.35,647.94,1086.88,900.38,845.64,905.29,789.74,0,443.76,170.85,205.9,198.05,184.9,182.18,212.08,213.83,182.05,210.23,206.32,8.18,173.76,297.34,50.26,17.97,8.05,168.98,289.6,49.02,19.06,7.77,145.29,290.41,47.8,20.59,7.69,149.4,254.81,41.89,17.61,0,0,0,0,0,0,0,0,0,0,7.53,160.6,274.55,39.93,15.25,7.46,150.37,270.91,45.99,16.25,7.66,142.96,270.55,44.02,19.49,6.14,139.28,237.46,38.11,14.82,6.35,133.26,229.02,40.57,10.85,0,0,0,0,0,62.98,58.62,72.87,65.25,29.96,47.32,7.25,13.5,9.25,28.44,65.79,0,3.12,4.75,3.87,27.03,51.17,1,26.5,49.37,39.37,34.71,48.44,1.25,27.12,45.5,38,34.79
84,54,88,44,62,71,50.2,12.67,8.63,7.8,7.3,7.13,848.07,1454.44,1000.42,898.67,724.48,529.18,850.25,1118.29,986.49,824.95,639.57,1140.98,649.35,647.94,1086.88,900.38,845.64,905.29,789.74,0,443.76,170.85,205.9,198.05,184.9,182.18,212.08,213.83,182.05,210.23,206.32,8.18,173.76,297.34,50.26,17.97,8.05,168.98,289.6,49.02,19.06,7.77,145.29,290.41,47.8,20.59,7.69,149.4,254.81,41.89,17.61,0,0,0,0,0,0,0,0,0,0,7.53,160.6,274.55,39.93,15.25,7.46,150.37,270.91,45.99,16.25,7.66,142.96,270.55,44.02,19.49,6.14,139.28,237.46,38.11,14.82,6.35,133.26,229.02,40.57,10.85,0,0,0,0,0,62.98,58.62,72.87,65.25,29.96,47.32,7.25,13.5,9.25,28.44,65.79,0,3.12,4.75,3.87,27.03,51.17,1,26.5,49.37,39.37,34.71,48.44,1.25,27.12,45.5,38,34.79
84,53,70,52,79,66,50.2,12.67,8.63,7.8,7.3,7.13,848.07,1454.44,1000.42,898.67,724.48,529.18,850.25,1118.29,986.49,824.95,639.57,1140.98,649.35,647.94,1086.88,900.38,845.64,905.29,789.74,0,443.76,170.85,205.9,198.05,184.9,182.18,212.08,213.83,182.05,210.23,206.32,8.18,173.76,297.34,50.26,17.97,8.05,168.98,289.6,49.02,19.06,7.77,145.29,290.41,47.8,20.59,7.69,149.4,254.81,41.89,17.61,0,0,0,0,0,0,0,0,0,0,7.53,160.6,274.55,39.93,15.25,7.46,150.37,270.91,45.99,16.25,7.66,142.96,270.55,44.02,19.49,6.14,139.28,237.46,38.11,14.82,6.35,133.26,229.02,40.57,10.85,0,0,0,0,0,62.98,58.62,72.87,65.25,29.96,47.32,7.25,13.5,9.25,28.44,65.79,0,3.12,4.75,3.87,27.03,51.17,1,26.5,49.37,39.37,34.71,48.44,1.25,27.12,45.5,38,34.79
74,58,92,44,84,80,50.2,12.67,8.63,7.8,7.3,7.13,848.07,1454.44,1000.42,898.67,724.48,529.18,850.25,1118.29,986.49,824.95,639.57,1140.98,649.35,647.94,1086.88,900.38,845.64,905.29,789.74,0,443.76,170.85,205.9,198.05,184.9,182.18,212.08,213.83,182.05,210.23,206.32,8.18,173.76,297.34,50.26,17.97,8.05,168.98,289.6,49.02,19.06,7.77,145.29,290.41,47.8,20.59,7.69,149.4,254.81,41.89,17.61,0,0,0,0,0,0,0,0,0,0,7.53,160.6,274.55,39.93,15.25,7.46,150.37,270.91,45.99,16.25,7.66,142.96,270.55,44.02,19.49,6.14,139.28,237.46,38.11,14.82,6.35,133.26,229.02,40.57,10.85,0,0,0,0,0,62.98,58.62,72.87,65.25,29.96,47.32,7.25,13.5,9.25,28.44,65.79,0,3.12,4.75,3.87,27.03,51.17,1,26.5,49.37,39.37,34.71,48.44,1.25,27.12,45.5,38,34.79
72,58,88,47,50,84,50.2,12.67,8.63,7.8,7.3,7.13,848.07,1454.44,1000.42,898.67,724.48,529.18,850.25,1118.29,986.49,824.95,639.57,1140.98,649.35,647.94,1086.88,900.38,845.64,905.29,789.74,0,443.76,170.85,205.9,198.05,184.9,182.18,212.08,213.83,182.05,210.23,206.32,8.18,173.76,297.34,50.26,17.97,8.05,168.98,289.6,49.02,19.06,7.77,145.29,290.41,47.8,20.59,7.69,149.4,254.81,41.89,17.61,0,0,0,0,0,0,0,0,0,0,7.53,160.6,274.55,39.93,15.25,7.46,150.37,270.91,45.99,16.25,7.66,142.96,270.55,44.02,19.49,6.14,139.28,237.46,38.11,14.82,6.35,133.26,229.02,40.57,10.85,0,0,0,0,0,62.98,58.62,72.87,65.25,29.96,47.32,7.25,13.5,9.25,28.44,65.79,0,3.12,4.75,3.87,27.03,51.17,1,26.5,49.37,39.37,34.71,48.44,1.25,27.12,45.5,38,34.79
81,52,64,43,74,74,50.2,12.67,8.63,7.8,7.3,7.13,848.07,1454.44,1000.42,898.67,724.48,529.18,850.25,1118.29,986.49,824.95,639.57,1140.98,649.35,647.94,1086.88,900.38,845.64,905.29,789.74,0,443.76,170.85,205.9,198.05,184.9,182.18,212.08,213.83,182.05,210.23,206.32,8.18,173.76,297.34,50.26,17.97,8.05,168.98,289.6,49.02,19.06,7.77,145.29,290.41,47.8,20.59,7.69,149.4,254.81,41.89,17.61,0,0,0,0,0,0,0,0,0,0,7.53,160.6,274.55,39.93,15.25,7.46,150.37,270.91,45.99,16.25,7.66,142.96,270.55,44.02,19.49,6.14,139.28,237.46,38.11,14.82,6.35,133.26,229.02,40.57,10.85,0,0,0,0,0,62.98,58.62,72.87,65.25,29.96,47.32,7.25,13.5,9.25,28.44,65.79,0,3.12,4.75,3.87,27.03,51.17,1,26.5,49.37,39.37,34.71,48.44,1.25,27.12,45.5,38,34.79
75,52,73,46,64,80,50.2,12.67,8.63,7.8,7.3,7.13,848.07,1454.44,1000.42,898.67,724.48,529.18,850.25,1118.29,986.49,824.95,639.57,1140.98,649.35,647.94,1086.88,900.38,845.64,905.29,789.74,0,443.76,170.85,205.9,198.05,184.9,182.18,212.08,213.83,182.05,210.23,206.32,8.18,173.76,297.34,50.26,17.97,8.05,168.98,289.6,49.02,19.06,7.77,145.29,290.41,47.8,20.59,7.69,149.4,254.81,41.89,17.61,0,0,0,0,0,0,0,0,0,0,7.53,160.6,274.55,39.93,15.25,7.46,150.37,270.91,45.99,16.25,7.66,142.96,270.55,44.02,19.49,6.14,139.28,237.46,38.11,14.82,6.35,133.26,229.02,40.57,10.85,0,0,0,0,0,62.98,58.62,72.87,65.25,29.96,47.32,7.25,13.5,9.25,28.44,65.79,0,3.12,4.75,3.87,27.03,51.17,1,26.5,49.37,39.37,34.71,48.44,1.25,27.12,45.5,38,34.79
82,58,78,47,73,74,50.2,12.67,8.63,7.8,7.3,7.13,848.07,1454.44,1000.42,898.67,724.48,529.18,850.25,1118.29,986.49,824.95,639.57,1140.98,649.35,647.94,1086.88,900.38,845.64,905.29,789.74,0,443.76,170.85,205.9,198.05,184.9,182.18,212.08,213.83,182.05,210.23,206.32,8.18,173.76,297.34,50.26,17.97,8.05,168.98,289.6,49.02,19.06,7.77,145.29,290.41,47.8,20.59,7.69,149.4,254.81,41.89,17.61,0,0,0,0,0,0,0,0,0,0,7.53,160.6,274.55,39.93,15.25,7.46,150.37,270.91,45.99,16.25,7.66,142.96,270.55,44.02,19.49,6.14,139.28,237.46,38.11,14.82,6.35,133.26,229.02,40.57,10.85,0,0,0,0,0,62.98,58.62,72.87,65.25,29.96,47.32,7.25,13.5,9.25,28.44,65.79,0,3.12,4.75,3.87,27.03,51.17,1,26.5,49.37,39.37,34.71,48.44,1.25,27.12,45.5,38,34.79
60,78,76,37,54,41,50.6,9.4,8.6,7.8,7.3,7.1,847.56,1452.8,999.04,897.19,724.33,528.8,849.17,1117.89,986.32,824.87,639.66,1141.07,650.53,648.05,1086.36,900.61,844.71,904.75,788.96,0,442.85,170.32,207.2,193.18,182.69,186.87,215.52,214.42,182.13,211.45,206.2,7,141.84,251.89,42.33,15.27,6.99,136.2,244.21,41.48,16.43,7.28,124.72,249.35,41.59,16.39,6.03,117.72,211.25,34.37,14.99,0,0,0,0,0,0,0,0,0,0,6.7,127.85,227.05,34.17,12.65,6.66,123.4,224.58,40.27,13.03,6.8,121.25,231.93,39.6,15.22,5.52,107.53,187.68,32.81,11.35,5.68,104.7,188.58,34.07,9.7,0,0,0,0,0,62.98,59.37,73.75,66.75,30.09,47.59,8.12,14.12,10.25,28.57,65.85,0,3.75,5.25,4.5,27.07,50.25,1,26.5,49.37,39.37,35.13,48.03,1.5,28,47.37,39.12,35.08
64,56,82,50,50,47,50.6,9.4,8.6,7.8,7.3,7.1,847.56,1452.8,999.04,897.19,724.33,528.8,849.17,1117.89,986.32,824.87,639.66,1141.07,650.53,648.05,1086.36,900.61,844.71,904.75,788.96,0,442.85,170.32,207.2,193.18,182.69,186.87,215.52,214.42,182.13,211.45,206.2,7,141.84,251.89,42.33,15.27,6.99,136.2,244.21,41.48,16.43,7.28,124.72,249.35,41.59,16.39,6.03,117.72,211.25,34.37,14.99,0,0,0,0,0,0,0,0,0,0,6.7,127.85,227.05,34.17,12.65,6.66,123.4,224.58,40.27,13.03,6.8,121.25,231.93,39.6,15.22,5.52,107.53,187.68,32.81,11.35,5.68,104.7,188.58,34.07,9.7,0,0,0,0,0,62.98,59.37,73.75,66.75,30.09,47.59,8.12,14.12,10.25,28.57,65.85,0,3.75,5.25,4.5,27.07,50.25,1,26.5,49.37,39.37,35.13,48.03,1.5,28,47.37,39.12,35.08
72,46,60,47,70,41,50.6,9.4,8.6,7.8,7.3,7.1,847.56,1452.8,999.04,897.19,724.33,528.8,849.17,1117.89,986.32,824.87,639.66,1141.07,650.53,648.05,1086.36,900.61,844.71,904.75,788.96,0,442.85,170.32,207.2,193.18,182.69,186.87,215.52,214.42,182.13,211.45,206.2,7,141.84,251.89,42.33,15.27,6.99,136.2,244.21,41.48,16.43,7.28,124.72,249.35,41.59,16.39,6.03,117.72,211.25,34.37,14.99,0,0,0,0,0,0,0,0,0,0,6.7,127.85,227.05,34.17,12.65,6.66,123.4,224.58,40.27,13.03,6.8,121.25,231.93,39.6,15.22,5.52,107.53,187.68,32.81,11.35,5.68,104.7,188.58,34.07,9.7,0,0,0,0,0,62.98,59.37,73.75,66.75,30.09,47.59,8.12,14.12,10.25,28.57,65.85,0,3.75,5.25,4.5,27.07,50.25,1,26.5,49.37,39.37,35.13,48.03,1.5,28,47.37,39.12,35.08
68,56,78,42,44,52,50.6,9.4,8.6,7.8,7.3,7.1,847.47,1452.6,999,897.02,724.46,527.1,849.13,1117.72,986.15,825.04,639.62,1141.28,650.82,648.05,1085.99,900.78,844.54,904.58,788.76,0,442.72,170.4,207.29,193.29,182.8,187.78,216.45,214.74,181.93,211.5,206.14,8.46,184.96,316.25,53.87,18.42,8.59,177.13,303.19,51.66,19.71,8.77,155.46,310.79,52.42,19.62,7.53,157.34,270.17,44.67,18.25,0,0,0,0,0,0,0,0,0,0,7.92,162.23,278.58,40.81,15.75,8.15,152.5,275.45,48.38,16.64,8.07,148.55,281.69,47.3,18.86,6.8,135.77,232.46,39.92,14.56,7.21,135.95,233.56,41.93,11.92,0,0,0,0,0,62.98,59.37,73.75,66.75,30.09,47.59,8.12,14.12,10.25,28.57,65.85,0,3.75,5.25,4.5,27.07,50.25,1,26.5,49.37,39.37,35.13,48.03,1.5,28,47.37,39.12,35.08
66,50,84,35,49,44,50.6,9.4,8.6,7.8,7.3,7.1,847.47,1452.6,999,897.02,724.46,527.1,849.13,1117.72,986.15,825.04,639.62,1141.28,650.82,648.05,1085.99,900.78,844.54,904.58,788.76,0,442.72,170.4,207.29,193.29,182.8,187.78,216.45,214.74,181.93,211.5,206.14,8.46,184.96,316.25,53.87,18.42,8.59,177.13,303.19,51.66,19.71,8.77,155.46,310.79,52.42,19.62,7.53,157.34,270.17,44.67,18.25,0,0,0,0,0,0,0,0,0,0,7.92,162.23,278.58,40.81,15.75,8.15,152.5,275.45,48.38,16.64,8.07,148.55,281.69,47.3,18.86,6.8,135.77,232.46,39.92,14.56,7.21,135.95,233.56,41.93,11.92,0,0,0,0,0,62.98,59.37,73.75,66.75,30.09,47.59,8.12,14.12,10.25,28.57,65.85,0,3.75,5.25,4.5,27.07,50.25,1,26.5,49.37,39.37,35.13,48.03,1.5,28,47.37,39.12,35.08
70,47,100,49,63,35,50.6,9.4,8.6,7.8,7.3,7.1,847.47,1452.6,999,897.02,724.46,527.1,849.13,1117.72,986.15,825.04,639.62,1141.28,650.82,648.05,1085.99,900.78,844.54,904.58,788.76,0,442.72,170.4,207.29,193.29,182.8,187.78,216.45,214.74,181.93,211.5,206.14,8.46,184.96,316.25,53.87,18.42,8.59,177.13,303.19,51.66,19.71,8.77,155.46,310.79,52.42,19.62,7.53,157.34,270.17,44.67,18.25,0,0,0,0,0,0,0,0,0,0,7.92,162.23,278.58,40.81,15.75,8.15,152.5,275.45,48.38,16.64,8.07,148.55,281.69,47.3,18.86,6.8,135.77,232.46,39.92,14.56,7.21,135.95,233.56,41.93,11.92,0,0,0,0,0,62.98,59.37,73.75,66.75,30.09,47.59,8.12,14.12,10.25,28.57,65.85,0,3.75,5.25,4.5,27.07,50.25,1,26.5,49.37,39.37,35.13,48.03,1.5,28,47.37,39.12,35.08
66,64,90,48,46,47,50.6,9.4,8.6,7.8,7.3,7.1,847.21,1452.66,999.42,896.8,724.5,526.96,849.05,1118.03,986.35,825.2,639.63,1141.18,650.9,647.99,1085.49,900.53,844.38,904.5,788.64,0,442.58,170.5,207.46,192.74,182.95,188.72,217.39,215.02,181.92,211.46,206.1,8.61,180.72,309.39,53.14,18.65,8.76,178.65,305.78,51.74,19.61,8.77,155.23,310.53,52.13,20.03,7.59,153.9,263.7,43.97,18.19,0,0,0,0,0,0,0,0,0,0,8.86,164.22,281.87,42.03,15.79,8.33,156.26,281.23,49.97,16.38,8,146.3,277.32,47.07,19.12,6.97,140.63,240.92,40.78,15.13,7.54,141.65,242.23,41.77,12.26,0,0,0,0,0,62.98,59.85,74.14,67.42,30.17,47.16,8.71,15.28,11,28.63,65.46,0,4.28,5.71,5,27.03,49.4,1,26.42,49,39.14,35.47,47.77,1.42,28.28,48.28,39.71,35.26
64,49,94,42,56,52,50.7,9.4,8.6,7.8,7.3,7.1,845.74,1451.81,998.8,895.12,724.5,526.92,849.05,1118.77,986.61,826.44,640.12,1140.08,651.28,646.81,1083.22,899.09,844.38,904.33,788.51,0,442.14,171.15,206.7,195.26,187.14,192.08,220.9,217.43,181.8,210.87,205.94,8.41,180.16,310.71,53.83,18.53,8.8,180.2,311.43,53.08,20.32,8.54,155.63,311.38,52.6,19.39,7.11,153.84,266.03,44.75,18.16,0,0,0,0,0,0,0,0,0,0,7.65,168.88,290.92,42.15,15.51,8.04,160.47,289.84,51.83,15.53,8.59,148.33,281.48,48.38,17.7,6.92,139.86,240.82,41.34,15.18,6.55,139.19,240.68,42.03,11.81,0,0,0,0,0,63,60.71,75.28,69,30.28,46.63,9.42,16.28,12.14,28.77,65.53,0,4.57,6.14,5.57,27.05,48.43,1,26.42,49.57,38.71,35.92,47.46,1.28,29.14,50.57,41.28,35.5
60,47,74,40,60,48,50.7,9.4,8.6,7.8,7.3,7.1,845.69,1451.92,998.85,894.83,724.63,525.81,848.81,1118.72,986.39,826.55,640.2,1140.12,651.18,646.76,1082.9,898.97,844.42,904.26,788.68,0,442.21,171.46,206.54,195.81,187.63,192.15,220.98,217.53,181.78,210.81,205.93,8.59,182.97,313.82,54.64,18.26,8.99,183.74,315.11,53.59,20.6,8.81,157.31,314.49,53.44,19.22,7.08,153.95,264.16,44.76,17.55,0,0,0,0,0,0,0,0,0,0,7.76,172.35,294.8,42.58,15.8,7.86,162.96,293.15,52.37,15.77,8.67,150.51,284.96,48.81,17.99,7.08,142.36,243.87,42.4,15.42,6.71,142.57,243.91,43.33,11.73,0,0,0,0,0,63,60.71,75.28,69,30.28,46.63,9.42,16.28,12.14,28.77,65.53,0,4.57,6.14,5.57,27.05,48.43,1,26.42,49.57,38.71,35.92,47.46,1.28,29.14,50.57,41.28,35.5
60,62,92,36,56,46,50.7,9.4,8.6,7.8,7.3,7.1,845.69,1451.92,998.85,894.83,724.63,525.81,848.81,1118.72,986.39,826.55,640.2,1140.12,651.18,646.76,1082.9,898.97,844.42,904.26,788.68,0,442.21,171.46,206.54,195.81,187.63,192.15,220.98,217.53,181.78,210.81,205.93,8.59,182.97,313.82,54.64,18.26,8.99,183.74,315.11,53.59,20.6,8.81,157.31,314.49,53.44,19.22,7.08,153.95,264.16,44.76,17.55,0,0,0,0,0,0,0,0,0,0,7.76,172.35,294.8,42.58,15.8,7.86,162.96,293.15,52.37,15.77,8.67,150.51,284.96,48.81,17.99,7.08,142.36,243.87,42.4,15.42,6.71,142.57,243.91,43.33,11.73,0,0,0,0,0,63,60.71,75.28,69,30.28,46.63,9.42,16.28,12.14,28.77,65.53,0,4.57,6.14,5.57,27.05,48.43,1,26.42,49.57,38.71,35.92,47.46,1.28,29.14,50.57,41.28,35.5
61,46,86,47,43,45,50.75,11.6,8.69,7.8,7.3,7.15,845.12,1451.8,998.72,894.5,724.46,523.4,848.31,1118.56,986.36,826.57,640.2,1139.79,650.82,646.43,1082.33,898.89,844.38,904.05,788.56,0,442.29,171.6,206.36,196.29,187.97,192.11,221.08,217.76,181.8,210.79,205.99,8.39,183.07,313.93,54.43,18.54,8.83,183.8,315.14,52.91,20.7,8.85,158.85,317.16,53.58,19,7.38,155.44,266.46,46.03,17.45,0,0,0,0,0,0,0,0,0,0,7.63,170.6,291.78,42.71,14.96,7.83,161.72,290.51,51.8,14.69,8.4,150.22,284.34,48.96,17.55,7.13,141.22,242.03,42.52,14.74,7.01,137.2,235.86,43.38,11.13,0,0,0,0,0,63,60.71,75.28,69,30.28,46.63,9.42,16.28,12.14,28.77,65.53,0,4.57,6.14,5.57,27.05,48.43,1,26.42,49.57,38.71,35.92,47.46,1.28,29.14,50.57,41.28,35.5
58,52,92,42,35,44,50.75,11.6,8.69,7.8,7.3,7.15,844.78,1451.33,998.49,894.22,724.05,525.6,848.1,1118.18,986.25,826.72,640.25,1139.43,650.6,646.03,1081.59,898.75,844.43,904.05,788.53,0,442.54,172.03,205.98,196.53,188.01,191.96,221.12,218.1,181.87,210.74,206.03,8.25,167.94,299.22,52.24,19.1,8.37,165.6,298.61,50.28,20.84,8.44,151.62,302.69,50.6,19.54,7.22,144.59,261.6,43.46,18.66,0,0,0,0,0,0,0,0,0,0,7.9,161.65,287.52,43.66,14.28,7.94,159.02,287.9,51.92,13.76,8.03,145.74,278.34,48.56,16.57,7.14,135.35,237.18,42.57,13.79,6.55,124.3,225.74,41.94,10.66,0,0,0,0,0,62.94,60.75,75.25,69,30.29,46.74,9.87,16.25,12.5,28.84,64.83,0,4.87,6.75,5.87,27.05,48.53,1,26.5,49.87,38.75,35.89,47.43,1.5,29.25,51,41.62,35.5
56,48,64,44,37,47,50.75,11.6,8.69,7.8,7.3,7.15,844.78,1451.33,998.49,894.22,724.05,525.6,848.1,1118.18,986.25,826.72,640.25,1139.43,650.6,646.03,1081.59,898.75,844.43,904.05,788.53,0,442.54,172.03,205.98,196.53,188.01,191.96,221.12,218.1,181.87,210.74,206.03,8.25,167.94,299.22,52.24,19.1,8.37,165.6,298.61,50.28,20.84,8.44,151.62,302.69,50.6,19.54,7.22,144.59,261.6,43.46,18.66,0,0,0,0,0,0,0,0,0,0,7.9,161.65,287.52,43.66,14.28,7.94,159.02,287.9,51.92,13.76,8.03,145.74,278.34,48.56,16.57,7.14,135.35,237.18,42.57,13.79,6.55,124.3,225.74,41.94,10.66,0,0,0,0,0,62.94,60.75,75.25,69,30.29,46.74,9.87,16.25,12.5,28.84,64.83,0,4.87,6.75,5.87,27.05,48.53,1,26.5,49.87,38.75,35.89,47.43,1.5,29.25,51,41.62,35.5
74,59,64,42,68,66,50.8,13.8,8.8,7.8,7.3,7.2,844.73,1451.21,998.08,893.78,723.69,524.17,848.39,1118.21,986.69,826.56,640.39,1138.78,650.13,645.3,1080.65,897.65,844.56,903.6,788.65,0,442.91,172.28,205.37,195.56,187.61,191.45,220.99,218.5,182.13,210.87,206.04,7.89,137.4,268,45.71,19.39,7.88,130.37,268.93,45.07,21.03,7.54,136.72,273.18,45.04,19.59,6.76,116.85,240.61,39.22,19.33,0,0,0,0,0,0,0,0,0,0,7.3,133.91,260.61,42.72,11.4,7.36,140.64,260.01,49.44,11.48,7.71,130.38,253.55,46.27,14.05,6.39,119.88,220.53,41.18,11.33,6.17,99.92,207.03,38.25,10.34,0,0,0,0,0,62.94,60.75,75.25,69,30.29,46.74,9.87,16.25,12.5,28.84,64.83,0,4.87,6.75,5.87,27.05,48.53,1,26.5,49.87,38.75,35.89,47.43,1.5,29.25,51,41.62,35.5
69,60,62,46,53,78,50.8,13.8,8.8,7.8,7.3,7.2,844.73,1451.21,998.08,893.78,723.69,524.17,848.39,1118.21,986.69,826.56,640.39,1138.78,650.13,645.3,1080.65,897.65,844.56,903.6,788.65,0,442.91,172.28,205.37,195.56,187.61,191.45,220.99,218.5,182.13,210.87,206.04,7.89,137.4,268,45.71,19.39,7.88,130.37,268.93,45.07,21.03,7.54,136.72,273.18,45.04,19.59,6.76,116.85,240.61,39.22,19.33,0,0,0,0,0,0,0,0,0,0,7.3,133.91,260.61,42.72,11.4,7.36,140.64,260.01,49.44,11.48,7.71,130.38,253.55,46.27,14.05,6.39,119.88,220.53,41.18,11.33,6.17,99.92,207.03,38.25,10.34,0,0,0,0,0,62.94,60.75,75.25,69,30.29,46.74,9.87,16.25,12.5,28.84,64.83,0,4.87,6.75,5.87,27.05,48.53,1,26.5,49.87,38.75,35.89,47.43,1.5,29.25,51,41.62,35.5
72,46,64,39,61,82,50.8,13.8,8.8,7.8,7.3,7.2,844.73,1451.21,998.08,893.78,723.69,524.17,848.39,1118.21,986.69,826.56,640.39,1138.78,650.13,645.3,1080.65,897.65,844.56,903.6,788.65,0,442.91,172.28,205.37,195.56,187.61,191.45,220.99,218.5,182.13,210.87,206.04,7.89,137.4,268,45.71,19.39,7.88,130.37,268.93,45.07,21.03,7.54,136.72,273.18,45.04,19.59,6.76,116.85,240.61,39.22,19.33,0,0,0,0,0,0,0,0,0,0,7.3,133.91,260.61,42.72,11.4,7.36,140.64,260.01,49.44,11.48,7.71,130.38,253.55,46.27,14.05,6.39,119.88,220.53,41.18,11.33,6.17,99.92,207.03,38.25,10.34,0,0,0,0,0,62.94,60.75,75.25,69,30.29,46.74,9.87,16.25,12.5,28.84,64.83,0,4.87,6.75,5.87,27.05,48.53,1,26.5,49.87,38.75,35.89,47.43,1.5,29.25,51,41.62,35.5
76,49,101,45,76,78,50.8,13.8,8.8,7.8,7.3,7.2,844.82,1450.91,997.78,893.52,723.6,525.39,848.47,1118.08,986.6,826.26,640.34,1138.26,649.82,644.95,1080.17,897.17,844.73,903.34,788.73,0,443.17,172.31,205.23,195.13,187.44,191.24,220.95,218.62,182.15,210.84,206.06,8,136.64,266.33,45.2,19.57,7.85,129.52,268.8,44.95,20.72,7.43,136.01,271.74,45.15,19.06,6.91,114.65,235.7,38.7,18.8,0,0,0,0,0,0,0,0,0,0,7.34,134.33,261.54,42.41,11.49,7.44,142.89,263.64,49.68,11.38,7.66,132.9,258.31,46.93,14.15,6.36,120.55,221.8,41.56,11.33,6.49,101.09,209.42,38.48,10.67,0,0,0,0,0,62.94,60.75,75.25,69,30.29,46.74,9.87,16.25,12.5,28.84,64.83,0,4.87,6.75,5.87,27.05,48.53,1,26.5,49.87,38.75,35.89,47.43,1.5,29.25,51,41.62,35.5
76,64,76,43,72,80,50.8,13.8,8.8,7.8,7.3,7.2,844.82,1450.91,997.78,893.52,723.6,525.39,848.47,1118.08,986.6,826.26,640.34,1138.26,649.82,644.95,1080.17,897.17,844.73,903.34,788.73,0,443.17,172.31,205.23,195.13,187.44,191.24,220.95,218.62,182.15,210.84,206.06,8,136.64,266.33,45.2,19.57,7.85,129.52,268.8,44.95,20.72,7.43,136.01,271.74,45.15,19.06,6.91,114.65,235.7,38.7,18.8,0,0,0,0,0,0,0,0,0,0,7.34,134.33,261.54,42.41,11.49,7.44,142.89,263.64,49.68,11.38,7.66,132.9,258.31,46.93,14.15,6.36,120.55,221.8,41.56,11.33,6.49,101.09,209.42,38.48,10.67,0,0,0,0,0,62.94,60.75,75.25,69,30.29,46.74,9.87,16.25,12.5,28.84,64.83,0,4.87,6.75,5.87,27.05,48.53,1,26.5,49.87,38.75,35.89,47.43,1.5,29.25,51,41.62,35.5
88,71,88,45,72,92,48.3,14.45,8.46,7.7,7.3,6.9,861.16,1446.5,1008.32,903.66,732.6,527.97,820.54,1047.32,979.69,830.99,638.15,1095.61,638.97,653.28,1043.25,905.03,844.24,910.1,789.82,0,0,171.87,206.6,193.1,183.87,189.23,220.49,217.74,186.3,213.01,208.05,7.9,160.28,280.69,47.69,21.02,7.98,158.53,277.89,44.79,22.42,7.78,151.13,286.15,45.95,21.2,6.79,135.03,237.2,40.57,16.99,7.04,66.93,239.92,36.69,19.39,0,0,0,0,0,8.99,159.25,278.67,46.22,11.19,7.72,165.81,276.53,50.39,13.65,8.37,159.02,278.7,49.69,14.63,6.65,143.47,227.98,42.18,12.21,6.83,145.17,230.49,44.47,8.53,0,0,0,0,0,60.62,59.08,71.75,63.83,29.47,48.25,7.75,11.25,9.75,27.15,64.52,0,0.58,1.16,1,26.74,53.84,1,21.25,39.25,29.75,32.67,47.3,0.58,24.58,38.75,33.41,33.8
78,62,83,50,84,95,48.3,14.45,8.46,7.7,7.3,6.9,861.16,1446.5,1008.32,903.66,732.6,527.97,820.54,1047.32,979.69,830.99,638.15,1095.61,638.97,653.28,1043.25,905.03,844.24,910.1,789.82,0,0,171.87,206.6,193.1,183.87,189.23,220.49,217.74,186.3,213.01,208.05,7.9,160.28,280.69,47.69,21.02,7.98,158.53,277.89,44.79,22.42,7.78,151.13,286.15,45.95,21.2,6.79,135.03,237.2,40.57,16.99,7.04,66.93,239.92,36.69,19.39,0,0,0,0,0,8.99,159.25,278.67,46.22,11.19,7.72,165.81,276.53,50.39,13.65,8.37,159.02,278.7,49.69,14.63,6.65,143.47,227.98,42.18,12.21,6.83,145.17,230.49,44.47,8.53,0,0,0,0,0,60.62,59.08,71.75,63.83,29.47,48.25,7.75,11.25,9.75,27.15,64.52,0,0.58,1.16,1,26.74,53.84,1,21.25,39.25,29.75,32.67,47.3,0.58,24.58,38.75,33.41,33.8
88,78,84,42,76,102,49.8,14.45,8.46,7.7,7.3,6.9,860.53,1444.92,1007.83,903.26,732.55,528.01,820.53,1047.23,978.93,830.56,638.15,1095.46,638.72,652.76,1042.76,905.21,844.68,909.75,789.75,0,0,172.95,206.05,193.65,184.92,188.1,219.26,218.62,189.96,214.95,209.28,7.99,161.35,281.67,48.1,20.19,8.03,159.96,279.51,45.42,21.29,7.9,152.06,287.93,46.37,20.94,7.04,134.41,235.9,40.28,17.08,6.83,66.97,240.39,37.17,19.5,0,0,0,0,0,8.26,164.16,286.19,45.54,11.88,7.86,168.26,280.61,50.42,14.21,8.22,160.95,282.2,50.96,14.43,6.71,150.07,238.52,44.47,12.41,6.75,146.83,233.12,45.54,8.64,0,0,0,0,0,60.7,59.53,72.15,64.53,29.47,48.11,8.15,11.61,10.15,27.23,64.72,0,0.53,1.07,0.92,26.77,53.77,1,21.61,40.15,30.46,32.75,47.15,0.53,25.15,39.76,34.15,33.87
87,74,100,52,72,118,49.8,14.45,8.46,7.7,7.3,6.9,860.53,1444.53,1007.76,903.08,732.51,528.22,820.63,1047.3,978.79,830.56,638.22,1095.39,638.65,652.65,1042.69,905.17,844.82,909.64,789.68,0,0,173.37,205.85,194.1,185.45,187.89,219.02,218.65,190.35,215.15,209.43,7.75,162.89,284.37,48.73,20.15,8.02,161.12,281.6,45.77,21.47,7.96,152.98,289.88,46.79,21.03,7.06,133.87,235.03,39.62,17,6.75,66.78,239.54,36.96,19.49,0,0,0,0,0,8.12,164.18,286.21,45.32,12.19,7.91,168.18,280.54,50.91,14.33,8.33,160.98,282.27,51.51,14.47,6.62,148.4,236.02,44.2,11.96,6.66,145.32,230.78,44.45,8.5,0,0,0,0,0,60.7,59.53,72.15,64.53,29.47,48.11,8.15,11.61,10.15,27.23,64.72,0,0.53,1.07,0.92,26.77,53.77,1,21.61,40.15,30.46,32.75,47.15,0.53,25.15,39.76,34.15,33.87
84,82,76,49,50,101,49.8,14.45,8.46,7.7,7.3,6.9,860.57,1444.07,1007.73,902.87,732.48,527.97,820.63,1047.19,978.64,830.46,638.25,1095.46,638.57,652.6,1042.6,905.39,845.1,909.5,789.71,0,0,173.55,205.78,194.3,185.66,187.5,218.55,218.63,190.95,215.48,209.67,8.06,162.79,284.34,48.7,20.21,8.03,161.36,282.26,45.35,21.49,7.99,153.29,290.42,47.31,20.55,7.12,135.94,238.67,40.47,16.95,6.9,67.03,240.4,37.41,19.19,0,0,0,0,0,8.11,165.92,289.33,45.48,12.19,8.09,170.1,283.22,51.45,14.43,8.21,161.2,282.64,51.37,14.56,6.74,148.37,235.94,44.71,12.06,6.81,145.31,230.77,44.41,8.57,0,0,0,0,0,60.7,59.53,72.15,64.53,29.47,48.11,8.15,11.61,10.15,27.23,64.72,0,0.53,1.07,0.92,26.77,53.77,1,21.61,40.15,30.46,32.75,47.15,0.53,25.15,39.76,34.15,33.87
90,68,122,44,73,88,49.8,14.45,8.46,7.7,7.3,6.9,860.1,1443.66,1007.58,902.73,732.41,527.84,820.5,1046.94,978.65,830.28,638.18,1095.53,638.44,652.48,1042.55,905.57,845.32,909.31,789.67,0,0,173.97,205.64,194.85,186.2,187.13,218.08,218.58,191.49,215.84,209.92,7.36,148.02,258.55,44.36,18.34,7.38,150.79,263.17,41.74,19.47,7.34,141.13,267.39,43.44,18.84,6.47,124.2,218.07,37.41,14.81,6.31,61.92,222.06,34.53,17.58,0,0,0,0,0,7.71,156.49,272.86,43.02,11.29,8,161.71,269.75,50.28,13.75,7.79,153.23,268.83,49.55,13.98,6.42,143.53,227.1,42.39,11.37,6.63,132.91,212.07,42.57,7.99,0,0,0,0,0,60.7,59.53,72.15,64.53,29.47,48.11,8.15,11.61,10.15,27.23,64.72,0,0.53,1.07,0.92,26.77,53.77,1,21.61,40.15,30.46,32.75,47.15,0.53,25.15,39.76,34.15,33.87
92,68,78,43,86,102,49.8,14.45,8.46,7.7,7.3,6.9,860.1,1443.66,1007.58,902.73,732.41,527.84,820.5,1046.94,978.65,830.28,638.18,1095.53,638.44,652.48,1042.55,905.57,845.32,909.31,789.67,0,0,173.97,205.64,194.85,186.2,187.13,218.08,218.58,191.49,215.84,209.92,7.36,148.02,258.55,44.36,18.34,7.38,150.79,263.17,41.74,19.47,7.34,141.13,267.39,43.44,18.84,6.47,124.2,218.07,37.41,14.81,6.31,61.92,222.06,34.53,17.58,0,0,0,0,0,7.71,156.49,272.86,43.02,11.29,8,161.71,269.75,50.28,13.75,7.79,153.23,268.83,49.55,13.98,6.42,143.53,227.1,42.39,11.37,6.63,132.91,212.07,42.57,7.99,0,0,0,0,0,60.7,59.53,72.15,64.53,29.47,48.11,8.15,11.61,10.15,27.23,64.72,0,0.53,1.07,0.92,26.77,53.77,1,21.61,40.15,30.46,32.75,47.15,0.53,25.15,39.76,34.15,33.87
88,84,68,47,68,96,49.8,14.45,8.5,7.7,7.3,6.9,860.03,1443.11,1007.35,902.64,732.31,527.86,820.61,1046.92,978.65,830.07,638.07,1095.43,638.44,652.35,1042.39,905.47,845.5,909.02,789.6,0,0,174.24,205.59,195.17,186.55,186.32,217.09,218.27,192.42,216.36,210.42,7.21,144.9,253.39,43.44,18.39,7.35,151.43,264.35,41.98,20.1,7.45,140.24,265.87,42.94,19.11,6.48,124.96,217.78,36.72,14.68,6.29,61.74,221.35,33.76,17.62,0,0,0,0,0,7.58,154.98,270.29,41.93,11.15,7.8,160.46,267.42,49.06,13.54,7.61,149.7,262.63,48.25,13.9,6.35,142.37,225.32,42.12,11.23,6.7,133.56,213.1,42.68,8.15,0,0,0,0,0,60.7,59.53,72.15,64.53,29.47,48.11,8.15,11.61,10.15,27.23,64.72,0,0.53,1.07,0.92,26.77,53.77,1,21.61,40.15,30.46,32.75,47.15,0.53,25.15,39.76,34.15,33.87
84,60,64,56,70,90,49.55,14.43,8.5,7.7,7.3,6.95,859.71,1442.8,1006.97,902.44,732.12,527.91,820.57,1046.79,979.17,830.17,637.98,1095.39,638.27,652.26,1042.55,905.5,845.61,908.88,789.56,0,0,174.82,205.45,195.63,186.91,186.04,216.73,218.19,192.86,216.55,210.62,7.33,144.4,252.38,42.69,18.13,7.3,149.16,259.56,40.94,19.68,7.42,137.38,260.53,42.94,18.69,6.4,124.84,217.42,36.66,14.74,6.27,60.8,218.27,33.22,17.53,0,0,0,0,0,7.21,144.36,252.6,40.05,10.52,7.33,156.81,260.63,46.94,12.66,7.25,143.9,252.51,46.12,13.08,6.06,138.9,218.88,39.76,10.68,6.3,128.94,204.64,39.72,7.66,0,0,0,0,0,60.76,59.92,72.42,65,29.47,47.52,7.92,11.42,9.85,27.28,64.85,0,0.5,1.14,0.85,26.81,53.65,1,21.92,40.57,30.71,32.81,46.98,0.57,25.85,41.28,35.14,33.95
97,68,82,46,106,102,49.55,14.43,8.5,7.7,7.3,6.95,859.66,1442.27,1006.58,902.2,732.2,528.08,820.51,1046.5,979.48,829.88,637.94,1095.22,638.08,652.09,1042.16,905.62,845.84,908.56,789.59,0,0,175.51,205.3,196.25,187.33,185.4,215.84,217.96,193.76,216.85,211.02,6.95,130.75,228.61,38.34,16.02,6.7,133.86,232.74,36.99,17.95,6.56,121.8,231.1,38.26,16.48,5.8,114.46,199.36,34.17,13.44,5.58,56.19,202.64,29.9,15.45,0,0,0,0,0,6.64,129.1,225.97,36.18,9.68,6.67,140.24,232.92,42.38,11.74,6.62,132.54,231.54,41.72,11.97,5.75,129.75,204.39,37.31,9.82,5.9,120.61,191.24,37.83,7.04,0,0,0,0,0,60.76,60.3,72.76,65.46,29.51,47.46,8.15,11.69,10.07,27.31,64.98,0,0.53,1.23,0.92,26.8,53.49,1,22.23,41.61,31.3,32.91,46.58,0.61,26.53,42.61,36.15,34.12
88,77,73,60,96,113,49.55,14.43,8.5,7.7,7.3,6.95,859.66,1442.27,1006.58,902.2,732.2,528.08,820.51,1046.5,979.48,829.88,637.94,1095.22,638.08,652.09,1042.16,905.62,845.84,908.56,789.59,0,0,175.51,205.3,196.25,187.33,185.4,215.84,217.96,193.76,216.85,211.02,6.95,130.75,228.61,38.34,16.02,6.7,133.86,232.74,36.99,17.95,6.56,121.8,231.1,38.26,16.48,5.8,114.46,199.36,34.17,13.44,5.58,56.19,202.64,29.9,15.45,0,0,0,0,0,6.64,129.1,225.97,36.18,9.68,6.67,140.24,232.92,42.38,11.74,6.62,132.54,231.54,41.72,11.97,5.75,129.75,204.39,37.31,9.82,5.9,120.61,191.24,37.83,7.04,0,0,0,0,0,60.76,60.3,72.76,65.46,29.51,47.46,8.15,11.69,10.07,27.31,64.98,0,0.53,1.23,0.92,26.8,53.49,1,22.23,41.61,31.3,32.91,46.58,0.61,26.53,42.61,36.15,34.12
94,62,102,43,98,86,49.55,14.43,8.5,7.7,7.3,6.95,859.66,1442.27,1006.58,902.2,732.2,528.08,820.51,1046.5,979.48,829.88,637.94,1095.22,638.08,652.09,1042.16,905.62,845.84,908.56,789.59,0,0,175.51,205.3,196.25,187.33,185.4,215.84,217.96,193.76,216.85,211.02,6.95,130.75,228.61,38.34,16.02,6.7,133.86,232.74,36.99,17.95,6.56,121.8,231.1,38.26,16.48,5.8,114.46,199.36,34.17,13.44,5.58,56.19,202.64,29.9,15.45,0,0,0,0,0,6.64,129.1,225.97,36.18,9.68,6.67,140.24,232.92,42.38,11.74,6.62,132.54,231.54,41.72,11.97,5.75,129.75,204.39,37.31,9.82,5.9,120.61,191.24,37.83,7.04,0,0,0,0,0,60.76,60.3,72.76,65.46,29.51,47.46,8.15,11.69,10.07,27.31,64.98,0,0.53,1.23,0.92,26.8,53.49,1,22.23,41.61,31.3,32.91,46.58,0.61,26.53,42.61,36.15,34.12
84,88,114,50,35,100,49.55,14.43,8.5,7.7,7.3,6.95,859.66,1442.27,1006.58,902.2,732.2,528.08,820.51,1046.5,979.48,829.88,637.94,1095.22,638.08,652.09,1042.16,905.62,845.84,908.56,789.59,0,0,175.51,205.3,196.25,187.33,185.4,215.84,217.96,193.76,216.85,211.02,6.95,130.75,228.61,38.34,16.02,6.7,133.86,232.74,36.99,17.95,6.56,121.8,231.1,38.26,16.48,5.8,114.46,199.36,34.17,13.44,5.58,56.19,202.64,29.9,15.45,0,0,0,0,0,6.64,129.1,225.97,36.18,9.68,6.67,140.24,232.92,42.38,11.74,6.62,132.54,231.54,41.72,11.97,5.75,129.75,204.39,37.31,9.82,5.9,120.61,191.24,37.83,7.04,0,0,0,0,0,60.76,60.3,72.76,65.46,29.51,47.46,8.15,11.69,10.07,27.31,64.98,0,0.53,1.23,0.92,26.8,53.49,1,22.23,41.61,31.3,32.91,46.58,0.61,26.53,42.61,36.15,34.12
76,82,89,54,88,84,50.7,14.5,8.79,7.7,7.3,6.8,858.94,1436.89,1001.47,894.87,732.82,528.39,817.08,1047.3,977.66,825.73,636.31,1091.53,636.98,646.37,1029.13,903.42,846.85,905.96,789.1,0,0,181.84,198.21,195.3,188.18,184.36,213.23,218.39,185.33,211.48,208.56,8.46,160.82,284.84,49.25,18.87,8.22,159.24,282.79,46.96,21.06,8.31,156.36,291.4,46,22.34,6.97,137.31,245.04,41.18,17.74,7.34,67.14,249.24,38.42,20.5,0,0,0,0,0,9.53,155.85,277.84,47.41,9.71,7.85,158.07,275.27,52.1,12.96,7.75,150.03,272.01,48.85,17.11,6.7,133.03,229.18,42.8,11.42,6.7,128.93,226.58,44.21,8.83,0,0,0,0,0,59.77,59.1,71.65,63.8,29.72,45.77,7.95,10.85,9.5,27.13,64.2,0,0.75,1.2,1,26.96,48.44,0.65,20,34.4,27.7,34.28,43.12,1,23.1,37.15,31.25,35.39
84,77,124,62,60,80,50.7,14.5,8.79,7.7,7.3,6.8,858.94,1436.89,1001.47,894.87,732.82,528.39,817.08,1047.3,977.66,825.73,636.31,1091.53,636.98,646.37,1029.13,903.42,846.85,905.96,789.1,0,0,181.84,198.21,195.3,188.18,184.36,213.23,218.39,185.33,211.48,208.56,8.46,160.82,284.84,49.25,18.87,8.22,159.24,282.79,46.96,21.06,8.31,156.36,291.4,46,22.34,6.97,137.31,245.04,41.18,17.74,7.34,67.14,249.24,38.42,20.5,0,0,0,0,0,9.53,155.85,277.84,47.41,9.71,7.85,158.07,275.27,52.1,12.96,7.75,150.03,272.01,48.85,17.11,6.7,133.03,229.18,42.8,11.42,6.7,128.93,226.58,44.21,8.83,0,0,0,0,0,59.77,59.1,71.65,63.8,29.72,45.77,7.95,10.85,9.5,27.13,64.2,0,0.75,1.2,1,26.96,48.44,0.65,20,34.4,27.7,34.28,43.12,1,23.1,37.15,31.25,35.39
78,70,87,64,78,86,50.5,14.45,8.9,7.7,7.3,6.83,858.67,1436.12,1000.77,892.5,732.22,528.22,817.02,1046.44,977.22,825.09,635.67,1094.11,638.69,644.6,1025.45,903.07,846.48,905.57,789.02,0,0,180.43,198.95,195.53,187.5,160.87,179.6,178.13,155.78,168.35,165.74,8.86,177.38,294.98,56.32,13.56,8.57,175.64,292.21,51.03,20.48,8.57,177.61,304,53.11,17.71,7.83,158.49,264.12,46.02,17.45,7.7,76.91,262.53,42.26,19.92,0,0,0,0,0,8.58,167.83,286.53,47.17,11.22,8.06,161.08,292.51,54.95,13.65,8.4,159.89,283.53,52.15,16.8,7.39,144.6,243.56,44.39,14.12,7.06,138.77,242.62,48.06,8.56,0,0,0,0,0,59.68,59.21,71.73,63.94,29.74,45.42,7.94,10.89,9.47,27.14,64.05,0,0.78,1.26,1.05,26.96,48.07,0.63,20.05,34.31,27.73,34.39,42.96,1.05,22.78,36.63,30.78,35.46
86,82,112,66,58,82,50.5,14.45,8.9,7.7,7.3,6.83,858.59,1436,1000.79,892.3,732.13,528.18,817.05,1046.35,977.25,825,635.63,1094.13,638.71,644.4,1025.1,903.2,846.44,905.49,789.01,0,0,180.32,199.02,195.32,187.31,160.68,179.44,177.71,155.7,168.3,165.59,8.71,177.56,295.54,56.18,12.45,8.41,172.97,287.55,50.54,19.71,8.36,174.84,299.24,52.42,17.33,7.74,154.78,257.58,44.34,16.95,7.67,75.86,258.66,41.75,19.46,0,0,0,0,0,8.42,168.1,287.43,47.34,11.27,8.13,158.06,287.78,55.13,13.72,8.26,160.54,284.96,52.47,16.8,7.33,146.89,247.66,44.69,14.21,7.16,141.69,249.42,48.27,8.9,0,0,0,0,0,59.68,59.21,71.73,63.94,29.74,45.42,7.94,10.89,9.47,27.14,64.05,0,0.78,1.26,1.05,26.96,48.07,0.63,20.05,34.31,27.73,34.39,42.96,1.05,22.78,36.63,30.78,35.46
74,64,112,59,76,92,50.5,14.45,8.9,7.7,7.3,6.83,858.83,1435.91,1000.67,891.87,732.12,527.71,817.12,1046.45,977.31,824.76,635.63,1094.24,638.53,643.95,1024.3,903.29,846.48,905.39,789.08,0,0,179.84,199.16,194.82,186.95,160.67,179.65,177.48,155.88,168.74,165.88,8.61,167.92,294.96,53.85,13.91,8.41,162.33,285.21,49.69,20.04,8.47,162.51,293.66,49.27,19.83,7.48,147.06,257.8,42.93,16.49,7.54,71.01,255.94,38.58,20.43,0,0,0,0,0,7.94,159.62,279.93,46.55,10.93,8.08,155.87,279.93,53.66,13.38,8.2,154.03,276.86,50.58,16.71,7.36,142.12,242.66,45.01,12.94,6.98,131.76,244.3,47.01,9,0,0,0,0,0,59.59,58.9,71.4,63.45,29.75,45.69,7.7,10.5,9.15,27.13,64.01,0,0.8,1.3,1.05,26.93,47.81,0.6,19.75,33.5,27.25,34.44,42.8,1.1,22.45,36.04,30.25,35.52
76,70,89,60,74,90,50.5,14.45,8.9,7.7,7.3,6.83,858.83,1435.91,1000.67,891.87,732.12,527.71,817.12,1046.45,977.31,824.76,635.63,1094.24,638.53,643.95,1024.3,903.29,846.48,905.39,789.08,0,0,179.84,199.16,194.82,186.95,160.67,179.65,177.48,155.88,168.74,165.88,8.61,167.92,294.96,53.85,13.91,8.41,162.33,285.21,49.69,20.04,8.47,162.51,293.66,49.27,19.83,7.48,147.06,257.8,42.93,16.49,7.54,71.01,255.94,38.58,20.43,0,0,0,0,0,7.94,159.62,279.93,46.55,10.93,8.08,155.87,279.93,53.66,13.38,8.2,154.03,276.86,50.58,16.71,7.36,142.12,242.66,45.01,12.94,6.98,131.76,244.3,47.01,9,0,0,0,0,0,59.59,58.9,71.4,63.45,29.75,45.69,7.7,10.5,9.15,27.13,64.01,0,0.8,1.3,1.05,26.93,47.81,0.6,19.75,33.5,27.25,34.44,42.8,1.1,22.45,36.04,30.25,35.52
82,52,100,74,60,83,50.5,14.45,8.9,7.7,7.3,6.83,858.83,1435.91,1000.67,891.87,732.12,527.71,817.12,1046.45,977.31,824.76,635.63,1094.24,638.53,643.95,1024.3,903.29,846.48,905.39,789.08,0,0,179.84,199.16,194.82,186.95,160.67,179.65,177.48,155.88,168.74,165.88,8.61,167.92,294.96,53.85,13.91,8.41,162.33,285.21,49.69,20.04,8.47,162.51,293.66,49.27,19.83,7.48,147.06,257.8,42.93,16.49,7.54,71.01,255.94,38.58,20.43,0,0,0,0,0,7.94,159.62,279.93,46.55,10.93,8.08,155.87,279.93,53.66,13.38,8.2,154.03,276.86,50.58,16.71,7.36,142.12,242.66,45.01,12.94,6.98,131.76,244.3,47.01,9,0,0,0,0,0,59.59,58.9,71.4,63.45,29.75,45.69,7.7,10.5,9.15,27.13,64.01,0,0.8,1.3,1.05,26.93,47.81,0.6,19.75,33.5,27.25,34.44,42.8,1.1,22.45,36.04,30.25,35.52
84,60,101,68,52,76,50.45,14.45,8.94,7.7,7.3,6.83,859.26,1435.5,1000.24,891.12,732.12,526.85,817.16,1046.4,977.14,824.59,635.5,1094.12,638.34,643.18,1023.24,903.07,846.35,905.25,789.03,0,0,178.66,199.5,194.67,186.38,160.18,179.12,176.31,155.34,168.05,165.1,8.02,147.32,286.11,49.88,17.16,8.42,142.97,278.86,47.11,21.31,8.11,142.87,286.16,45.76,23.16,6.78,131.71,252.74,38.88,17.8,6.72,63.12,253.86,36.36,20.26,0,0,0,0,0,7.56,148.06,273.03,45.93,9.9,8.25,155.79,272.92,52.32,13.13,7.92,148.29,272.91,49.35,16.93,6.83,131.93,230.75,43.3,11.64,6.54,111.37,230.23,43.96,9.8,0,0,0,0,0,59.59,58.9,71.4,63.45,29.75,45.69,7.7,10.5,9.15,27.13,64.01,0,0.8,1.3,1.05,26.93,47.81,0.6,19.75,33.5,27.25,34.44,42.8,1.1,22.45,36.04,30.25,35.52
78,66,120,72,77,79,50.45,14.45,8.94,7.7,7.3,6.83,859.26,1435.5,1000.24,891.12,732.12,526.85,817.16,1046.4,977.14,824.59,635.5,1094.12,638.34,643.18,1023.24,903.07,846.35,905.25,789.03,0,0,178.66,199.5,194.67,186.38,160.18,179.12,176.31,155.34,168.05,165.1,8.02,147.32,286.11,49.88,17.16,8.42,142.97,278.86,47.11,21.31,8.11,142.87,286.16,45.76,23.16,6.78,131.71,252.74,38.88,17.8,6.72,63.12,253.86,36.36,20.26,0,0,0,0,0,7.56,148.06,273.03,45.93,9.9,8.25,155.79,272.92,52.32,13.13,7.92,148.29,272.91,49.35,16.93,6.83,131.93,230.75,43.3,11.64,6.54,111.37,230.23,43.96,9.8,0,0,0,0,0,59.59,58.9,71.4,63.45,29.75,45.69,7.7,10.5,9.15,27.13,64.01,0,0.8,1.3,1.05,26.93,47.81,0.6,19.75,33.5,27.25,34.44,42.8,1.1,22.45,36.04,30.25,35.52
84,82,103,70,54,94,50.45,14.45,8.94,7.7,7.3,6.83,859.26,1435.5,1000.24,891.12,732.12,526.85,817.16,1046.4,977.14,824.59,635.5,1094.12,638.34,643.18,1023.24,903.07,846.35,905.25,789.03,0,0,178.66,199.5,194.67,186.38,160.18,179.12,176.31,155.34,168.05,165.1,8.02,147.32,286.11,49.88,17.16,8.42,142.97,278.86,47.11,21.31,8.11,142.87,286.16,45.76,23.16,6.78,131.71,252.74,38.88,17.8,6.72,63.12,253.86,36.36,20.26,0,0,0,0,0,7.56,148.06,273.03,45.93,9.9,8.25,155.79,272.92,52.32,13.13,7.92,148.29,272.91,49.35,16.93,6.83,131.93,230.75,43.3,11.64,6.54,111.37,230.23,43.96,9.8,0,0,0,0,0,59.59,58.9,71.4,63.45,29.75,45.69,7.7,10.5,9.15,27.13,64.01,0,0.8,1.3,1.05,26.93,47.81,0.6,19.75,33.5,27.25,34.44,42.8,1.1,22.45,36.04,30.25,35.52
76,70,90,60,68,85,50.45,14.45,8.94,7.7,7.3,6.83,859.66,1434.87,1000.35,890.2,732.18,525.92,817.04,1046.29,977.34,824.55,635.48,1093.61,638.02,642.44,1022.08,903.04,846.22,905.12,789.13,0,0,178.01,200.05,193.59,185.26,160.01,179.1,175.5,155.08,167.84,164.77,7.93,145.32,282.71,50.26,17.1,8.3,148.12,288.78,47.86,21.13,7.96,145.6,290.85,45.56,22.66,6.96,120.13,232.53,37.8,17.63,6.77,59.67,238.98,35.89,20.9,0,0,0,0,0,7.73,148.27,273.1,47.11,9.73,8.18,159.59,278.76,52.57,13.45,7.93,150.77,275.8,49.51,16.72,6.7,131.89,231.14,41.07,10.9,6.42,109.46,225.58,41.67,9.2,0,0,0,0,0,59.53,58.73,71.36,63.36,29.76,45.57,7.68,10.31,9,27.15,63.92,0,0.84,1.31,1.05,26.91,47.5,0.57,19.68,32.84,26.94,34.53,42.64,1.1,22.21,35.52,29.84,35.59
82,66,87,60,62,70,50.45,14.45,8.94,7.7,7.3,6.77,859.81,1434.35,1000.08,889.72,732.17,525.92,817,1046.42,977.27,824.52,635.45,1093.75,637.95,642.11,1021.52,903.11,846.13,905.12,789.11,0,0,177.62,200.3,193.06,184.71,160.26,179.56,175.56,155.3,168.28,165.13,7.83,141.56,275.97,49.92,16.89,8.12,143.46,280.4,46.7,21.17,8.03,141.22,282.73,45.04,22.46,6.86,116.56,227.03,37.53,17.18,6.89,59.27,237.18,35.22,20.43,0,0,0,0,0,8.3,148.43,273.2,46.93,10,8.03,158.16,276.16,51.86,13.59,7.78,149.12,273.34,49.17,16.38,6.67,132.31,231.83,41.43,10.7,6.08,109.79,226.4,41.99,9.08,0,0,0,0,0,59.53,58.73,71.36,63.36,29.76,45.57,7.68,10.31,9,27.15,63.92,0,0.84,1.31,1.05,26.91,47.5,0.57,19.68,32.84,26.94,34.53,42.64,1.1,22.21,35.52,29.84,35.59
78,79,84,51,62,80,50.45,14.45,8.94,7.7,7.3,6.77,859.81,1434.35,1000.08,889.72,732.17,525.92,817,1046.42,977.27,824.52,635.45,1093.75,637.95,642.11,1021.52,903.11,846.13,905.12,789.11,0,0,177.62,200.3,193.06,184.71,160.26,179.56,175.56,155.3,168.28,165.13,7.83,141.56,275.97,49.92,16.89,8.12,143.46,280.4,46.7,21.17,8.03,141.22,282.73,45.04,22.46,6.86,116.56,227.03,37.53,17.18,6.89,59.27,237.18,35.22,20.43,0,0,0,0,0,8.3,148.43,273.2,46.93,10,8.03,158.16,276.16,51.86,13.59,7.78,149.12,273.34,49.17,16.38,6.67,132.31,231.83,41.43,10.7,6.08,109.79,226.4,41.99,9.08,0,0,0,0,0,59.53,58.73,71.36,63.36,29.76,45.57,7.68,10.31,9,27.15,63.92,0,0.84,1.31,1.05,26.91,47.5,0.57,19.68,32.84,26.94,34.53,42.64,1.1,22.21,35.52,29.84,35.59
79,74,90,63,98,66,50.36,14.4,8.94,7.7,7.3,6.76,859.93,1433.95,999.91,889.03,732.11,525.17,817.01,1046.53,977.29,824.28,635.38,1093.97,637.76,641.66,1020.97,903.31,845.86,905.12,788.97,0,0,176.36,201.13,191.13,183.74,175.3,207.05,192.81,178.47,206.63,198.54,8.42,143.4,278.63,50.28,16.56,8.2,143.94,280.07,46.32,21.68,7.86,142.96,284.58,44.58,22.41,7.09,120.74,233.82,39.16,17.91,7.08,60.48,240.7,36.28,20.9,0,0,0,0,0,8.87,154.19,283.41,47.76,10.4,7.89,159.96,280.47,53.39,14.05,8.08,154.45,284.06,52.26,16.25,7.19,135.44,236.75,45.22,10.94,6.55,114.05,234.6,45.62,9.58,0,0,0,0,0,59.53,58.73,71.36,63.36,29.76,45.57,7.68,10.31,9,27.15,63.92,0,0.84,1.31,1.05,26.91,47.5,0.57,19.68,32.84,26.94,34.53,42.64,1.1,22.21,35.52,29.84,35.59
84,68,82,74,86,92,50.36,14.4,8.94,7.7,7.3,6.76,859.93,1433.95,999.91,889.03,732.11,525.17,817.01,1046.53,977.29,824.28,635.38,1093.97,637.76,641.66,1020.97,903.31,845.86,905.12,788.97,0,0,176.36,201.13,191.13,183.74,175.3,207.05,192.81,178.47,206.63,198.54,8.42,143.4,278.63,50.28,16.56,8.2,143.94,280.07,46.32,21.68,7.86,142.96,284.58,44.58,22.41,7.09,120.74,233.82,39.16,17.91,7.08,60.48,240.7,36.28,20.9,0,0,0,0,0,8.87,154.19,283.41,47.76,10.4,7.89,159.96,280.47,53.39,14.05,8.08,154.45,284.06,52.26,16.25,7.19,135.44,236.75,45.22,10.94,6.55,114.05,234.6,45.62,9.58,0,0,0,0,0,59.53,58.73,71.36,63.36,29.76,45.57,7.68,10.31,9,27.15,63.92,0,0.84,1.31,1.05,26.91,47.5,0.57,19.68,32.84,26.94,34.53,42.64,1.1,22.21,35.52,29.84,35.59
80,66,96,82,70,94,50.45,15.1,,,,7.7,819.74,1406.35,997.28,865.97,722.75,538.68,807.54,740.67,956.13,822.81,639.7,1059.57,646.21,654.24,1071.76,880.5,843.6,906.14,788.3,0,446.14,75.36,80.18,73.16,72.53,179.18,215.59,210.93,182.38,210.26,204.41,0,0,0,0,0,6.32,127.87,213.04,38.95,10.73,6.87,142.08,243.63,44.75,11.25,6.58,141.92,236.13,43.74,12.55,5.76,124.39,194.58,36.11,8.25,0,0,0,0,0,0,0,0,0,0,5.33,118.93,197.94,37.62,7.89,6.98,148.46,236.3,40.66,16.31,6.69,133.91,234.27,42.51,13.42,5.3,100.62,185.15,31.71,11.75,0,0,0,0,0,61.15,53.91,67.65,57.19,27.94,58.8,11.94,15.15,14.23,27.94,59.35,0,0.73,1.15,1,27.35,45.79,0.41,9.15,13.52,11.57,19.98,65.66,0.05,14.49,19.24,18.28,27.34
66,68,96,79,72,78,50.45,15.1,,,,7.7,819.74,1406.35,997.28,865.97,722.75,538.68,807.54,740.67,956.13,822.81,639.7,1059.57,646.21,654.24,1071.76,880.5,843.6,906.14,788.3,0,446.14,75.36,80.18,73.16,72.53,179.18,215.59,210.93,182.38,210.26,204.41,0,0,0,0,0,6.32,127.87,213.04,38.95,10.73,6.87,142.08,243.63,44.75,11.25,6.58,141.92,236.13,43.74,12.55,5.76,124.39,194.58,36.11,8.25,0,0,0,0,0,0,0,0,0,0,5.33,118.93,197.94,37.62,7.89,6.98,148.46,236.3,40.66,16.31,6.69,133.91,234.27,42.51,13.42,5.3,100.62,185.15,31.71,11.75,0,0,0,0,0,61.15,53.91,67.65,57.19,27.94,58.8,11.94,15.15,14.23,27.94,59.35,0,0.73,1.15,1,27.35,45.79,0.41,9.15,13.52,11.57,19.98,65.66,0.05,14.49,19.24,18.28,27.34
55,62,115,76,62,68,50.4,10.77,,,,7.66,820.29,1406.61,997.16,865.76,722.96,538.68,807.37,740.46,956.52,822.92,639.66,1059.7,646.31,654.23,1071.69,880.97,843.64,906.22,788.26,0,446.01,75.35,80.18,73.2,72.54,179.71,215.9,211.42,183.15,210.75,204.57,0,0,0,0,0,8.28,172.23,286.78,52.28,14.36,9.52,197.91,339.36,62.31,15.68,9.22,199.22,332.23,61.32,17.61,7.91,172.28,269.73,50.4,11.63,0,0,0,0,0,0,0,0,0,0,7.92,171.28,285.06,53.78,11.86,9.74,215.34,340.38,59.13,23.4,9.96,193.99,339.34,62.04,18.89,7.65,144.14,265.03,45.78,16.91,0,0,0,0,0,61.15,53.91,67.65,57.19,27.94,58.8,11.94,15.15,14.23,27.94,59.35,0,0.73,1.15,1,27.35,45.79,0.41,9.15,13.52,11.57,19.98,65.66,0.05,14.49,19.24,18.28,27.34
68,70,116,90,66,73,50.4,10.77,,,,7.66,820.29,1406.61,997.16,865.76,722.96,538.68,807.37,740.46,956.52,822.92,639.66,1059.7,646.31,654.23,1071.69,880.97,843.64,906.22,788.26,0,446.01,75.35,80.18,73.2,72.54,179.71,215.9,211.42,183.15,210.75,204.57,0,0,0,0,0,8.28,172.23,286.78,52.28,14.36,9.52,197.91,339.36,62.31,15.68,9.22,199.22,332.23,61.32,17.61,7.91,172.28,269.73,50.4,11.63,0,0,0,0,0,0,0,0,0,0,7.92,171.28,285.06,53.78,11.86,9.74,215.34,340.38,59.13,23.4,9.96,193.99,339.34,62.04,18.89,7.65,144.14,265.03,45.78,16.91,0,0,0,0,0,61.15,53.91,67.65,57.19,27.94,58.8,11.94,15.15,14.23,27.94,59.35,0,0.73,1.15,1,27.35,45.79,0.41,9.15,13.52,11.57,19.98,65.66,0.05,14.49,19.24,18.28,27.34
88,64,100,94,74,92,50.4,10.77,,,,7.66,820.29,1406.61,997.16,865.76,722.96,538.68,807.37,740.46,956.52,822.92,639.66,1059.7,646.31,654.23,1071.69,880.97,843.64,906.22,788.26,0,446.01,75.35,80.18,73.2,72.54,179.71,215.9,211.42,183.15,210.75,204.57,0,0,0,0,0,8.28,172.23,286.78,52.28,14.36,9.52,197.91,339.36,62.31,15.68,9.22,199.22,332.23,61.32,17.61,7.91,172.28,269.73,50.4,11.63,0,0,0,0,0,0,0,0,0,0,7.92,171.28,285.06,53.78,11.86,9.74,215.34,340.38,59.13,23.4,9.96,193.99,339.34,62.04,18.89,7.65,144.14,265.03,45.78,16.91,0,0,0,0,0,61.15,53.91,67.65,57.19,27.94,58.8,11.94,15.15,14.23,27.94,59.35,0,0.73,1.15,1,27.35,45.79,0.41,9.15,13.52,11.57,19.98,65.66,0.05,14.49,19.24,18.28,27.34
93,88,86,66,88,94,50.4,10.77,,,,7.66,772.09,1334.48,941.53,824.23,682.56,510.98,765.25,702.39,907.77,780.76,608.07,1005.47,614.82,622.13,1017,836.11,804.1,859.78,754.61,0,431.58,161.39,205.28,203.01,176.91,180.96,216.54,212.74,185.57,212.54,204.89,0,0,0,0,0,7.04,131.32,247.61,44.42,13.85,8.47,151.46,293.04,53.66,14.37,8.11,151.57,284.74,51.06,17.7,6.76,133,232.32,42.59,11.82,0,0,0,0,0,0,0,0,0,0,7.3,132.44,238.47,44.95,11.75,8.03,164.97,282.45,48.27,20.56,8.11,147.11,277.99,51.53,15.05,6.47,108.54,218.92,38.54,13.47,0,0,0,0,0,61.15,53.9,67.63,57.16,27.95,58.7,11.85,15.08,14.12,27.91,59.36,0,0.74,1.14,1,27.35,45.9,0.41,9.21,13.6,11.67,20.14,65.45,0.06,14.45,19.22,18.24,27.41
88,72,71,64,76,96,50.4,10.77,,,,7.66,772.09,1334.48,941.53,824.23,682.56,510.98,765.25,702.39,907.77,780.76,608.07,1005.47,614.82,622.13,1017,836.11,804.1,859.78,754.61,0,431.58,161.39,205.28,203.01,176.91,180.96,216.54,212.74,185.57,212.54,204.89,0,0,0,0,0,7.04,131.32,247.61,44.42,13.85,8.47,151.46,293.04,53.66,14.37,8.11,151.57,284.74,51.06,17.7,6.76,133,232.32,42.59,11.82,0,0,0,0,0,0,0,0,0,0,7.3,132.44,238.47,44.95,11.75,8.03,164.97,282.45,48.27,20.56,8.11,147.11,277.99,51.53,15.05,6.47,108.54,218.92,38.54,13.47,0,0,0,0,0,61.15,53.9,67.63,57.16,27.95,58.7,11.85,15.08,14.12,27.91,59.36,0,0.74,1.14,1,27.35,45.9,0.41,9.21,13.6,11.67,20.14,65.45,0.06,14.45,19.22,18.24,27.41
89,81,76,64,86,90,50.4,10.77,,,,7.66,744.1,1286.41,907.47,794.52,657.94,492.52,737.73,676.96,875.04,752.69,586.19,969.05,592.69,599.7,980.38,805.55,775.34,828.71,727.69,0,416.36,161.76,204.89,202.61,177.12,181.28,216.7,213.04,186.15,213.03,204.97,0,0,0,0,0,7.36,128.33,251.38,45.35,14.74,8.29,146.53,294.42,53.72,14.68,8.37,146.67,286.13,51.06,18.07,6.78,128.76,232.55,42.62,11.83,0,0,0,0,0,0,0,0,0,0,7,130.43,241.34,44.2,11.94,8.41,161.55,283.99,48.44,20.72,8.11,143.26,278.72,51.65,15.23,6.43,106.63,221.7,38.68,13.45,0,0,0,0,0,61.15,53.9,67.63,57.16,27.95,58.7,11.85,15.08,14.12,27.91,59.36,0,0.74,1.14,1,27.35,45.9,0.41,9.21,13.6,11.67,20.14,65.45,0.06,14.45,19.22,18.24,27.41
82,84,66,68,84,84,50.4,10.77,,,,7.66,680.94,1178.2,830.72,727.9,602.22,451.11,675.55,619.91,801.53,689.35,536.96,887.73,543.07,549.35,898.03,737.94,710.51,759.05,667.05,0,382.05,162.35,203.86,201.93,177.85,181.73,216.96,213.41,187.05,213.62,205.04,1.6,28.52,55.45,8.87,4.73,6.69,118.83,230.87,41.23,14.07,7.4,127.49,258.67,47.49,12.62,7.5,128.4,253.39,44.85,16.55,6.26,119.81,220.19,39.01,11.56,0,0,0,0,0,1.18,22.04,38.53,6.29,1.85,6.38,115.38,215.87,39.6,10.77,7.55,142.52,255.78,43.85,18.46,7.61,128.06,250.74,47.16,13.61,6.3,100.38,208.05,36.61,12.31,0,0,0,0,0,61.15,53.9,67.63,57.16,27.95,58.7,11.85,15.08,14.12,27.91,59.36,0,0.74,1.14,1,27.35,45.9,0.41,9.21,13.6,11.67,20.14,65.45,0.06,14.45,19.22,18.24,27.41
68,96,117,68,79,84,50.4,10.77,,,,7.66,680.94,1178.2,830.72,727.9,602.22,451.11,675.55,619.91,801.53,689.35,536.96,887.73,543.07,549.35,898.03,737.94,710.51,759.05,667.05,0,382.05,162.35,203.86,201.93,177.85,181.73,216.96,213.41,187.05,213.62,205.04,1.6,28.52,55.45,8.87,4.73,6.69,118.83,230.87,41.23,14.07,7.4,127.49,258.67,47.49,12.62,7.5,128.4,253.39,44.85,16.55,6.26,119.81,220.19,39.01,11.56,0,0,0,0,0,1.18,22.04,38.53,6.29,1.85,6.38,115.38,215.87,39.6,10.77,7.55,142.52,255.78,43.85,18.46,7.61,128.06,250.74,47.16,13.61,6.3,100.38,208.05,36.61,12.31,0,0,0,0,0,61.15,53.9,67.63,57.16,27.95,58.7,11.85,15.08,14.12,27.91,59.36,0,0.74,1.14,1,27.35,45.9,0.41,9.21,13.6,11.67,20.14,65.45,0.06,14.45,19.22,18.24,27.41
92,62,118,81,68,76,50.2,15.2,,,,7.6,843.03,1466.22,1002.29,885.53,721.27,539.42,808.93,745.81,948.27,827.37,639.3,1060,647.41,659.09,1080.24,883.4,847.17,909.05,787.37,0,0,169.68,198.33,193.18,183.29,189.26,220.02,222.3,187.2,212.43,207.66,0.09,2.96,5.7,1.13,0.1,6.01,127.71,213.67,37.9,11.76,7.95,169.34,293.12,52.89,14.35,8.27,166.78,278.65,51.56,13.71,6.37,142.03,224.34,41.87,9.75,0,0,0,0,0,0.42,7.25,13.35,2.08,0.74,5.76,122.83,205,39,8.48,8.05,170.56,273.47,47.38,18.06,8,148.83,261.56,48.13,14.92,6.41,112.64,207.89,36.97,13.73,0,0,0,0,0,59.61,53.12,66.62,55.75,28.52,48.5,5.75,8.25,6.75,26.11,60.18,0,0.87,1.12,1,27.04,51.17,1.37,17,29.62,22.87,32.83,47.95,1,15.75,21.62,20.12,32.65
